Workbook

Sheet Base Alan
A1: ID | B1: Data | C1: Faz | D1: Trat | E1: Bloco | F1: Rep | G1: Parcela | H1: Peso | I1: Média Peso | J1: Altura | K1: Altura média | L1: E.N | M1: E.N Médio | N1: PH | O1: Brix | P1: Pol | Q1: Pureza | R1: AR | S1: PC | T1: Ar_Atr | U1: Fibra | V1: Agio | W1: ATR | X1: TCH1 | Y1: TAH1 | Z1: TCH2 | AA1: TAH2 | AB1: TCH3 | AC1: TAH3 | AD1: TCH4 | AE1: TAH4 | AF1: TCH5 | AG1: TAH5 | AH1: TCH6 | AI1: TAH6 | AJ1: A | AK1: gs | AL1: Ci | AM1: E | AN1: EUA | AO1: EC | AP1: ETR | AQ1: Fv'/Fm' | AR1: PhiPS2 | AS1: qP | AT1: qN | AU1: VpdL | AV1: T° foliar | AW1: SPS | AX1: SuSy | AY1: SAI | AZ1: NI
A2: =B2&C2&D2&E2&F2&G2 -> 45733491B1R15 | B2: 45733 | C2: 49 | D2: 1 | E2: B1 | F2: R1 | G2: 5 | H2: =SUMIFS(Biometria!H:H,Biometria!$A:$A,$A2) -> 16 | I2: =SUMIFS(Biometria!I:I,Biometria!$A:$A,$A2) -> 17.67 | J2: =SUMIFS(Biometria!J:J,Biometria!$A:$A,$A2) -> 0 | K2: =SUMIFS(Biometria!K:K,Biometria!$A:$A,$A2) -> 2.95 | L2: =SUMIFS(Biometria!L:L,Biometria!$A:$A,$A2) -> 0 | M2: =SUMIFS(Biometria!M:M,Biometria!$A:$A,$A2) -> 0 | N2: =SUMIFS('A.T D0'!O:O,'A.T D0'!$A:$A,$A2)+SUMIFS('A.T D7'!O:O,'A.T D7'!$A:$A,$A2)+SUMIFS('A.T D22'!O:O,'A.T D22'!$A:$A,$A2)+SUMIFS('A.T D37'!O:O,'A.T D37'!$A:$A,$A2)+SUMIFS('A.T D52'!O:O,'A.T D52'!$A:$A,$A2)+SUMIFS('A.T D67'!O:O,'A.T D67'!$A:$A,$A2) -> 5.2 | O2: =SUMIFS('A.T D0'!P:P,'A.T D0'!$A:$A,$A2)+SUMIFS('A.T D7'!P:P,'A.T D7'!$A:$A,$A2)+SUMIFS('A.T D22'!P:P,'A.T D22'!$A:$A,$A2)+SUMIFS('A.T D37'!P:P,'A.T D37'!$A:$A,$A2)+SUMIFS('A.T D52'!P:P,'A.T D52'!$A:$A,$A2)+SUMIFS('A.T D67'!P:P,'A.T D67'!$A:$A,$A2) -> 18.53 | P2: =SUMIFS('A.T D0'!Q:Q,'A.T D0'!$A:$A,$A2)+SUMIFS('A.T D7'!Q:Q,'A.T D7'!$A:$A,$A2)+SUMIFS('A.T D22'!Q:Q,'A.T D22'!$A:$A,$A2)+SUMIFS('A.T D37'!Q:Q,'A.T D37'!$A:$A,$A2)+SUMIFS('A.T D52'!Q:Q,'A.T D52'!$A:$A,$A2)+SUMIFS('A.T D67'!Q:Q,'A.T D67'!$A:$A,$A2) -> 13.68 | Q2: =SUMIFS('A.T D0'!R:R,'A.T D0'!$A:$A,$A2)+SUMIFS('A.T D7'!R:R,'A.T D7'!$A:$A,$A2)+SUMIFS('A.T D22'!R:R,'A.T D22'!$A:$A,$A2)+SUMIFS('A.T D37'!R:R,'A.T D37'!$A:$A,$A2)+SUMIFS('A.T D52'!R:R,'A.T D52'!$A:$A,$A2)+SUMIFS('A.T D67'!R:R,'A.T D67'!$A:$A,$A2) -> 73.83 | R2: =SUMIFS('A.T D0'!S:S,'A.T D0'!$A:$A,$A2)+SUMIFS('A.T D7'!S:S,'A.T D7'!$A:$A,$A2)+SUMIFS('A.T D22'!S:S,'A.T D22'!$A:$A,$A2)+SUMIFS('A.T D37'!S:S,'A.T D37'!$A:$A,$A2)+SUMIFS('A.T D52'!S:S,'A.T D52'!$A:$A,$A2)+SUMIFS('A.T D67'!S:S,'A.T D67'!$A:$A,$A2) -> 1.11 | S2: =SUMIFS('A.T D0'!T:T,'A.T D0'!$A:$A,$A2)+SUMIFS('A.T D7'!T:T,'A.T D7'!$A:$A,$A2)+SUMIFS('A.T D22'!T:T,'A.T D22'!$A:$A,$A2)+SUMIFS('A.T D37'!T:T,'A.T D37'!$A:$A,$A2)+SUMIFS('A.T D52'!T:T,'A.T D52'!$A:$A,$A2)+SUMIFS('A.T D67'!T:T,'A.T D67'!$A:$A,$A2) -> 11.4743 | T2: =SUMIFS('A.T D0'!U:U,'A.T D0'!$A:$A,$A2)+SUMIFS('A.T D7'!U:U,'A.T D7'!$A:$A,$A2)+SUMIFS('A.T D22'!U:U,'A.T D22'!$A:$A,$A2)+SUMIFS('A.T D37'!U:U,'A.T D37'!$A:$A,$A2)+SUMIFS('A.T D52'!U:U,'A.T D52'!$A:$A,$A2)+SUMIFS('A.T D67'!U:U,'A.T D67'!$A:$A,$A2) -> 0.93 | U2: =SUMIFS('A.T D0'!V:V,'A.T D0'!$A:$A,$A2)+SUMIFS('A.T D7'!V:V,'A.T D7'!$A:$A,$A2)+SUMIFS('A.T D22'!V:V,'A.T D22'!$A:$A,$A2)+SUMIFS('A.T D37'!V:V,'A.T D37'!$A:$A,$A2)+SUMIFS('A.T D52'!V:V,'A.T D52'!$A:$A,$A2)+SUMIFS('A.T D67'!V:V,'A.T D67'!$A:$A,$A2) -> 12.55 | V2: =SUMIFS('A.T D0'!W:W,'A.T D0'!$A:$A,$A2)+SUMIFS('A.T D7'!W:W,'A.T D7'!$A:$A,$A2)+SUMIFS('A.T D22'!W:W,'A.T D22'!$A:$A,$A2)+SUMIFS('A.T D37'!W:W,'A.T D37'!$A:$A,$A2)+SUMIFS('A.T D52'!W:W,'A.T D52'!$A:$A,$A2)+SUMIFS('A.T D67'!W:W,'A.T D67'!$A:$A,$A2) -> 0.38 | W2: =SUMIFS('A.T D0'!X:X,'A.T D0'!$A:$A,$A2)+SUMIFS('A.T D7'!X:X,'A.T D7'!$A:$A,$A2)+SUMIFS('A.T D22'!X:X,'A.T D22'!$A:$A,$A2)+SUMIFS('A.T D37'!X:X,'A.T D37'!$A:$A,$A2)+SUMIFS('A.T D52'!X:X,'A.T D52'!$A:$A,$A2)+SUMIFS('A.T D67'!X:X,'A.T D67'!$A:$A,$A2) -> 119.03 | X2: =SUMIFS(TCH!J:J,TCH!$A:$A,$A2) -> 0 | Y2: =IF(X2=0,0,(X2*AVERAGEIFS($W:$W,$C:$C,$C2,$D:$D,$D2,$E:$E,$E2,$G:$G,$G2,$B:$B,_xlfn.MAXIFS($B:$B,$C:$C,$C2,$D:$D,$D2,$E:$E,$E2,$G:$G,$G2,$B:$B,"<>"&$B2)))/1000) -> 0 | Z2: =SUMIFS(TCH!M:M,TCH!$A:$A,$A2) -> 0 | AA2: =IF(Z2=0,0,(Z2*AVERAGEIFS($W:$W,$C:$C,$C2,$D:$D,$D2,$E:$E,$E2,$G:$G,$G2,$B:$B,_xlfn.MAXIFS($B:$B,$C:$C,$C2,$D:$D,$D2,$E:$E,$E2,$G:$G,$G2,$B:$B,"<>"&$B2)))/1000) -> 0 | AB2: =SUMIFS(TCH!P:P,TCH!$A:$A,$A2) -> 0 | AC2: =IF(AB2=0,0,(AB2*AVERAGEIFS($W:$W,$C:$C,$C2,$D:$D,$D2,$E:$E,$E2,$G:$G,$G2,$B:$B,_xlfn.MAXIFS($B:$B,$C:$C,$C2,$D:$D,$D2,$E:$E,$E2,$G:$G,$G2,$B:$B,"<>"&$B2)))/1000) -> 0 | AD2: =SUMIFS(TCH!S:S,TCH!$A:$A,$A2) -> 0 | AE2: =IF(AD2=0,0,(AD2*AVERAGEIFS($W:$W,$C:$C,$C2,$D:$D,$D2,$E:$E,$E2,$G:$G,$G2,$B:$B,_xlfn.MAXIFS($B:$B,$C:$C,$C2,$D:$D,$D2,$E:$E,$E2,$G:$G,$G2,$B:$B,"<>"&$B2)))/1000) -> 0 | AF2: =SUMIFS(TCH!V:V,TCH!$A:$A,$A2) -> 0 | AG2: =IF(AF2=0,0,(AF2*AVERAGEIFS($W:$W,$C:$C,$C2,$D:$D,$D2,$E:$E,$E2,$G:$G,$G2,$B:$B,_xlfn.MAXIFS($B:$B,$C:$C,$C2,$D:$D,$D2,$E:$E,$E2,$G:$G,$G2,$B:$B,"<>"&$B2)))/1000) -> 0 | AH2: =SUMIFS(TCH!Y:Y,TCH!$A:$A,$A2) -> 0 | AI2: =IF(AH2=0,0,(AH2*AVERAGEIFS($W:$W,$C:$C,$C2,$D:$D,$D2,$E:$E,$E2,$G:$G,$G2,$B:$B,_xlfn.MAXIFS($B:$B,$C:$C,$C2,$D:$D,$D2,$E:$E,$E2,$G:$G,$G2,$B:$B,"<>"&$B2)))/1000) -> 0 | AJ2: 0 | AK2: 0 | AL2: 0 | AM2: 0 | AN2: 0 | AO2: 0 | AP2: 0 | AQ2: 0 | AR2: 0 | AS2: 0 | AT2: 0 | AU2: 0 | AV2: 0 | AW2: 0 | AX2: 0 | AY2: 0 | AZ2: 0
A3: =B3&C3&D3&E3&F3&G3 -> 45733491B1R25 | B3: 45733 | C3: 49 | D3: 1 | E3: B1 | F3: R2 | G3: 5 | H3: =SUMIFS(Biometria!H:H,Biometria!$A:$A,$A3) -> 19.54 | I3: =SUMIFS(Biometria!I:I,Biometria!$A:$A,$A3) -> 0 | J3: =SUMIFS(Biometria!J:J,Biometria!$A:$A,$A3) -> 0 | K3: =SUMIFS(Biometria!K:K,Biometria!$A:$A,$A3) -> 0 | L3: =SUMIFS(Biometria!L:L,Biometria!$A:$A,$A3) -> 0 | M3: =SUMIFS(Biometria!M:M,Biometria!$A:$A,$A3) -> 0 | N3: =SUMIFS('A.T D0'!O:O,'A.T D0'!$A:$A,$A3)+SUMIFS('A.T D7'!O:O,'A.T D7'!$A:$A,$A3)+SUMIFS('A.T D22'!O:O,'A.T D22'!$A:$A,$A3)+SUMIFS('A.T D37'!O:O,'A.T D37'!$A:$A,$A3)+SUMIFS('A.T D52'!O:O,'A.T D52'!$A:$A,$A3)+SUMIFS('A.T D67'!O:O,'A.T D67'!$A:$A,$A3) -> 5.2 | O3: =SUMIFS('A.T D0'!P:P,'A.T D0'!$A:$A,$A3)+SUMIFS('A.T D7'!P:P,'A.T D7'!$A:$A,$A3)+SUMIFS('A.T D22'!P:P,'A.T D22'!$A:$A,$A3)+SUMIFS('A.T D37'!P:P,'A.T D37'!$A:$A,$A3)+SUMIFS('A.T D52'!P:P,'A.T D52'!$A:$A,$A3)+SUMIFS('A.T D67'!P:P,'A.T D67'!$A:$A,$A3) -> 17.31 | P3: =SUMIFS('A.T D0'!Q:Q,'A.T D0'!$A:$A,$A3)+SUMIFS('A.T D7'!Q:Q,'A.T D7'!$A:$A,$A3)+SUMIFS('A.T D22'!Q:Q,'A.T D22'!$A:$A,$A3)+SUMIFS('A.T D37'!Q:Q,'A.T D37'!$A:$A,$A3)+SUMIFS('A.T D52'!Q:Q,'A.T D52'!$A:$A,$A3)+SUMIFS('A.T D67'!Q:Q,'A.T D67'!$A:$A,$A3) -> 13.29 | Q3: =SUMIFS('A.T D0'!R:R,'A.T D0'!$A:$A,$A3)+SUMIFS('A.T D7'!R:R,'A.T D7'!$A:$A,$A3)+SUMIFS('A.T D22'!R:R,'A.T D22'!$A:$A,$A3)+SUMIFS('A.T D37'!R:R,'A.T D37'!$A:$A,$A3)+SUMIFS('A.T D52'!R:R,'A.T D52'!$A:$A,$A3)+SUMIFS('A.T D67'!R:R,'A.T D67'!$A:$A,$A3) -> 76.78 | R3: =SUMIFS('A.T D0'!S:S,'A.T D0'!$A:$A,$A3)+SUMIFS('A.T D7'!S:S,'A.T D7'!$A:$A,$A3)+SUMIFS('A.T D22'!S:S,'A.T D22'!$A:$A,$A3)+SUMIFS('A.T D37'!S:S,'A.T D37'!$A:$A,$A3)+SUMIFS('A.T D52'!S:S,'A.T D52'!$A:$A,$A3)+SUMIFS('A.T D67'!S:S,'A.T D67'!$A:$A,$A3) -> 1.01 | S3: =SUMIFS('A.T D0'!T:T,'A.T D0'!$A:$A,$A3)+SUMIFS('A.T D7'!T:T,'A.T D7'!$A:$A,$A3)+SUMIFS('A.T D22'!T:T,'A.T D22'!$A:$A,$A3)+SUMIFS('A.T D37'!T:T,'A.T D37'!$A:$A,$A3)+SUMIFS('A.T D52'!T:T,'A.T D52'!$A:$A,$A3)+SUMIFS('A.T D67'!T:T,'A.T D67'!$A:$A,$A3) -> 11.1142 | T3: =SUMIFS('A.T D0'!U:U,'A.T D0'!$A:$A,$A3)+SUMIFS('A.T D7'!U:U,'A.T D7'!$A:$A,$A3)+SUMIFS('A.T D22'!U:U,'A.T D22'!$A:$A,$A3)+SUMIFS('A.T D37'!U:U,'A.T D37'!$A:$A,$A3)+SUMIFS('A.T D52'!U:U,'A.T D52'!$A:$A,$A3)+SUMIFS('A.T D67'!U:U,'A.T D67'!$A:$A,$A3) -> 0.84 | U3: =SUMIFS('A.T D0'!V:V,'A.T D0'!$A:$A,$A3)+SUMIFS('A.T D7'!V:V,'A.T D7'!$A:$A,$A3)+SUMIFS('A.T D22'!V:V,'A.T D22'!$A:$A,$A3)+SUMIFS('A.T D37'!V:V,'A.T D37'!$A:$A,$A3)+SUMIFS('A.T D52'!V:V,'A.T D52'!$A:$A,$A3)+SUMIFS('A.T D67'!V:V,'A.T D67'!$A:$A,$A3) -> 12.72 | V3: =SUMIFS('A.T D0'!W:W,'A.T D0'!$A:$A,$A3)+SUMIFS('A.T D7'!W:W,'A.T D7'!$A:$A,$A3)+SUMIFS('A.T D22'!W:W,'A.T D22'!$A:$A,$A3)+SUMIFS('A.T D37'!W:W,'A.T D37'!$A:$A,$A3)+SUMIFS('A.T D52'!W:W,'A.T D52'!$A:$A,$A3)+SUMIFS('A.T D67'!W:W,'A.T D67'!$A:$A,$A3) -> -3.25 | W3: =SUMIFS('A.T D0'!X:X,'A.T D0'!$A:$A,$A3)+SUMIFS('A.T D7'!X:X,'A.T D7'!$A:$A,$A3)+SUMIFS('A.T D22'!X:X,'A.T D22'!$A:$A,$A3)+SUMIFS('A.T D37'!X:X,'A.T D37'!$A:$A,$A3)+SUMIFS('A.T D52'!X:X,'A.T D52'!$A:$A,$A3)+SUMIFS('A.T D67'!X:X,'A.T D67'!$A:$A,$A3) -> 114.73 | X3: =SUMIFS(TCH!J:J,TCH!$A:$A,$A3) -> 0 | Y3: =IF(X3=0,0,(X3*AVERAGEIFS($W:$W,$C:$C,$C3,$D:$D,$D3,$E:$E,$E3,$G:$G,$G3,$B:$B,_xlfn.MAXIFS($B:$B,$C:$C,$C3,$D:$D,$D3,$E:$E,$E3,$G:$G,$G3,$B:$B,"<>"&$B3)))/1000) -> 0 | Z3: =SUMIFS(TCH!M:M,TCH!$A:$A,$A3) -> 0 | AA3: =IF(Z3=0,0,(Z3*AVERAGEIFS($W:$W,$C:$C,$C3,$D:$D,$D3,$E:$E,$E3,$G:$G,$G3,$B:$B,_xlfn.MAXIFS($B:$B,$C:$C,$C3,$D:$D,$D3,$E:$E,$E3,$G:$G,$G3,$B:$B,"<>"&$B3)))/1000) -> 0 | AB3: =SUMIFS(TCH!P:P,TCH!$A:$A,$A3) -> 0 | AC3: =IF(AB3=0,0,(AB3*AVERAGEIFS($W:$W,$C:$C,$C3,$D:$D,$D3,$E:$E,$E3,$G:$G,$G3,$B:$B,_xlfn.MAXIFS($B:$B,$C:$C,$C3,$D:$D,$D3,$E:$E,$E3,$G:$G,$G3,$B:$B,"<>"&$B3)))/1000) -> 0 | AD3: =SUMIFS(TCH!S:S,TCH!$A:$A,$A3) -> 0 | AE3: =IF(AD3=0,0,(AD3*AVERAGEIFS($W:$W,$C:$C,$C3,$D:$D,$D3,$E:$E,$E3,$G:$G,$G3,$B:$B,_xlfn.MAXIFS($B:$B,$C:$C,$C3,$D:$D,$D3,$E:$E,$E3,$G:$G,$G3,$B:$B,"<>"&$B3)))/1000) -> 0 | AF3: =SUMIFS(TCH!V:V,TCH!$A:$A,$A3) -> 0 | AG3: =IF(AF3=0,0,(AF3*AVERAGEIFS($W:$W,$C:$C,$C3,$D:$D,$D3,$E:$E,$E3,$G:$G,$G3,$B:$B,_xlfn.MAXIFS($B:$B,$C:$C,$C3,$D:$D,$D3,$E:$E,$E3,$G:$G,$G3,$B:$B,"<>"&$B3)))/1000) -> 0 | AH3: =SUMIFS(TCH!Y:Y,TCH!$A:$A,$A3) -> 0 | AI3: =IF(AH3=0,0,(AH3*AVERAGEIFS($W:$W,$C:$C,$C3,$D:$D,$D3,$E:$E,$E3,$G:$G,$G3,$B:$B,_xlfn.MAXIFS($B:$B,$C:$C,$C3,$D:$D,$D3,$E:$E,$E3,$G:$G,$G3,$B:$B,"<>"&$B3)))/1000) -> 0 | AJ3: 0 | AK3: 0 | AL3: 0 | AM3: 0 | AN3: 0 | AO3: 0 | AP3: 0 | AQ3: 0 | AR3: 0 | AS3: 0 | AT3: 0 | AU3: 0 | AV3: 0 | AW3: 0 | AX3: 0 | AY3: 0 | AZ3: 0
A4: =B4&C4&D4&E4&F4&G4 -> 45733491B1R35 | B4: 45733 | C4: 49 | D4: 1 | E4: B1 | F4: R3 | G4: 5 | H4: =SUMIFS(Biometria!H:H,Biometria!$A:$A,$A4) -> 17.47 | I4: =SUMIFS(Biometria!I:I,Biometria!$A:$A,$A4) -> 0 | J4: =SUMIFS(Biometria!J:J,Biometria!$A:$A,$A4) -> 0 | K4: =SUMIFS(Biometria!K:K,Biometria!$A:$A,$A4) -> 0 | L4: =SUMIFS(Biometria!L:L,Biometria!$A:$A,$A4) -> 0 | M4: =SUMIFS(Biometria!M:M,Biometria!$A:$A,$A4) -> 0 | N4: =SUMIFS('A.T D0'!O:O,'A.T D0'!$A:$A,$A4)+SUMIFS('A.T D7'!O:O,'A.T D7'!$A:$A,$A4)+SUMIFS('A.T D22'!O:O,'A.T D22'!$A:$A,$A4)+SUMIFS('A.T D37'!O:O,'A.T D37'!$A:$A,$A4)+SUMIFS('A.T D52'!O:O,'A.T D52'!$A:$A,$A4)+SUMIFS('A.T D67'!O:O,'A.T D67'!$A:$A,$A4) -> 5.2 | O4: =SUMIFS('A.T D0'!P:P,'A.T D0'!$A:$A,$A4)+SUMIFS('A.T D7'!P:P,'A.T D7'!$A:$A,$A4)+SUMIFS('A.T D22'!P:P,'A.T D22'!$A:$A,$A4)+SUMIFS('A.T D37'!P:P,'A.T D37'!$A:$A,$A4)+SUMIFS('A.T D52'!P:P,'A.T D52'!$A:$A,$A4)+SUMIFS('A.T D67'!P:P,'A.T D67'!$A:$A,$A4) -> 17.54 | P4: =SUMIFS('A.T D0'!Q:Q,'A.T D0'!$A:$A,$A4)+SUMIFS('A.T D7'!Q:Q,'A.T D7'!$A:$A,$A4)+SUMIFS('A.T D22'!Q:Q,'A.T D22'!$A:$A,$A4)+SUMIFS('A.T D37'!Q:Q,'A.T D37'!$A:$A,$A4)+SUMIFS('A.T D52'!Q:Q,'A.T D52'!$A:$A,$A4)+SUMIFS('A.T D67'!Q:Q,'A.T D67'!$A:$A,$A4) -> 12.77 | Q4: =SUMIFS('A.T D0'!R:R,'A.T D0'!$A:$A,$A4)+SUMIFS('A.T D7'!R:R,'A.T D7'!$A:$A,$A4)+SUMIFS('A.T D22'!R:R,'A.T D22'!$A:$A,$A4)+SUMIFS('A.T D37'!R:R,'A.T D37'!$A:$A,$A4)+SUMIFS('A.T D52'!R:R,'A.T D52'!$A:$A,$A4)+SUMIFS('A.T D67'!R:R,'A.T D67'!$A:$A,$A4) -> 72.81 | R4: =SUMIFS('A.T D0'!S:S,'A.T D0'!$A:$A,$A4)+SUMIFS('A.T D7'!S:S,'A.T D7'!$A:$A,$A4)+SUMIFS('A.T D22'!S:S,'A.T D22'!$A:$A,$A4)+SUMIFS('A.T D37'!S:S,'A.T D37'!$A:$A,$A4)+SUMIFS('A.T D52'!S:S,'A.T D52'!$A:$A,$A4)+SUMIFS('A.T D67'!S:S,'A.T D67'!$A:$A,$A4) -> 1.14 | S4: =SUMIFS('A.T D0'!T:T,'A.T D0'!$A:$A,$A4)+SUMIFS('A.T D7'!T:T,'A.T D7'!$A:$A,$A4)+SUMIFS('A.T D22'!T:T,'A.T D22'!$A:$A,$A4)+SUMIFS('A.T D37'!T:T,'A.T D37'!$A:$A,$A4)+SUMIFS('A.T D52'!T:T,'A.T D52'!$A:$A,$A4)+SUMIFS('A.T D67'!T:T,'A.T D67'!$A:$A,$A4) -> 10.7465 | T4: =SUMIFS('A.T D0'!U:U,'A.T D0'!$A:$A,$A4)+SUMIFS('A.T D7'!U:U,'A.T D7'!$A:$A,$A4)+SUMIFS('A.T D22'!U:U,'A.T D22'!$A:$A,$A4)+SUMIFS('A.T D37'!U:U,'A.T D37'!$A:$A,$A4)+SUMIFS('A.T D52'!U:U,'A.T D52'!$A:$A,$A4)+SUMIFS('A.T D67'!U:U,'A.T D67'!$A:$A,$A4) -> 0.96 | U4: =SUMIFS('A.T D0'!V:V,'A.T D0'!$A:$A,$A4)+SUMIFS('A.T D7'!V:V,'A.T D7'!$A:$A,$A4)+SUMIFS('A.T D22'!V:V,'A.T D22'!$A:$A,$A4)+SUMIFS('A.T D37'!V:V,'A.T D37'!$A:$A,$A4)+SUMIFS('A.T D52'!V:V,'A.T D52'!$A:$A,$A4)+SUMIFS('A.T D67'!V:V,'A.T D67'!$A:$A,$A4) -> 12.36 | V4: =SUMIFS('A.T D0'!W:W,'A.T D0'!$A:$A,$A4)+SUMIFS('A.T D7'!W:W,'A.T D7'!$A:$A,$A4)+SUMIFS('A.T D22'!W:W,'A.T D22'!$A:$A,$A4)+SUMIFS('A.T D37'!W:W,'A.T D37'!$A:$A,$A4)+SUMIFS('A.T D52'!W:W,'A.T D52'!$A:$A,$A4)+SUMIFS('A.T D67'!W:W,'A.T D67'!$A:$A,$A4) -> -5.3 | W4: =SUMIFS('A.T D0'!X:X,'A.T D0'!$A:$A,$A4)+SUMIFS('A.T D7'!X:X,'A.T D7'!$A:$A,$A4)+SUMIFS('A.T D22'!X:X,'A.T D22'!$A:$A,$A4)+SUMIFS('A.T D37'!X:X,'A.T D37'!$A:$A,$A4)+SUMIFS('A.T D52'!X:X,'A.T D52'!$A:$A,$A4)+SUMIFS('A.T D67'!X:X,'A.T D67'!$A:$A,$A4) -> 112.29 | X4: =SUMIFS(TCH!J:J,TCH!$A:$A,$A4) -> 0 | Y4: =IF(X4=0,0,(X4*AVERAGEIFS($W:$W,$C:$C,$C4,$D:$D,$D4,$E:$E,$E4,$G:$G,$G4,$B:$B,_xlfn.MAXIFS($B:$B,$C:$C,$C4,$D:$D,$D4,$E:$E,$E4,$G:$G,$G4,$B:$B,"<>"&$B4)))/1000) -> 0 | Z4: =SUMIFS(TCH!M:M,TCH!$A:$A,$A4) -> 0 | AA4: =IF(Z4=0,0,(Z4*AVERAGEIFS($W:$W,$C:$C,$C4,$D:$D,$D4,$E:$E,$E4,$G:$G,$G4,$B:$B,_xlfn.MAXIFS($B:$B,$C:$C,$C4,$D:$D,$D4,$E:$E,$E4,$G:$G,$G4,$B:$B,"<>"&$B4)))/1000) -> 0 | AB4: =SUMIFS(TCH!P:P,TCH!$A:$A,$A4) -> 0 | AC4: =IF(AB4=0,0,(AB4*AVERAGEIFS($W:$W,$C:$C,$C4,$D:$D,$D4,$E:$E,$E4,$G:$G,$G4,$B:$B,_xlfn.MAXIFS($B:$B,$C:$C,$C4,$D:$D,$D4,$E:$E,$E4,$G:$G,$G4,$B:$B,"<>"&$B4)))/1000) -> 0 | AD4: =SUMIFS(TCH!S:S,TCH!$A:$A,$A4) -> 0 | AE4: =IF(AD4=0,0,(AD4*AVERAGEIFS($W:$W,$C:$C,$C4,$D:$D,$D4,$E:$E,$E4,$G:$G,$G4,$B:$B,_xlfn.MAXIFS($B:$B,$C:$C,$C4,$D:$D,$D4,$E:$E,$E4,$G:$G,$G4,$B:$B,"<>"&$B4)))/1000) -> 0 | AF4: =SUMIFS(TCH!V:V,TCH!$A:$A,$A4) -> 0 | AG4: =IF(AF4=0,0,(AF4*AVERAGEIFS($W:$W,$C:$C,$C4,$D:$D,$D4,$E:$E,$E4,$G:$G,$G4,$B:$B,_xlfn.MAXIFS($B:$B,$C:$C,$C4,$D:$D,$D4,$E:$E,$E4,$G:$G,$G4,$B:$B,"<>"&$B4)))/1000) -> 0 | AH4: =SUMIFS(TCH!Y:Y,TCH!$A:$A,$A4) -> 0 | AI4: =IF(AH4=0,0,(AH4*AVERAGEIFS($W:$W,$C:$C,$C4,$D:$D,$D4,$E:$E,$E4,$G:$G,$G4,$B:$B,_xlfn.MAXIFS($B:$B,$C:$C,$C4,$D:$D,$D4,$E:$E,$E4,$G:$G,$G4,$B:$B,"<>"&$B4)))/1000) -> 0 | AJ4: 0 | AK4: 0 | AL4: 0 | AM4: 0 | AN4: 0 | AO4: 0 | AP4: 0 | AQ4: 0 | AR4: 0 | AS4: 0 | AT4: 0 | AU4: 0 | AV4: 0 | AW4: 0 | AX4: 0 | AY4: 0 | AZ4: 0
A5: =B5&C5&D5&E5&F5&G5 -> 45733491B3R19 | B5: 45733 | C5: 49 | D5: 1 | E5: B3 | F5: R1 | G5: 9 | H5: =SUMIFS(Biometria!H:H,Biometria!$A:$A,$A5) -> 12.8 | I5: =SUMIFS(Biometria!I:I,Biometria!$A:$A,$A5) -> 13.43 | J5: =SUMIFS(Biometria!J:J,Biometria!$A:$A,$A5) -> 0 | K5: =SUMIFS(Biometria!K:K,Biometria!$A:$A,$A5) -> 2.69 | L5: =SUMIFS(Biometria!L:L,Biometria!$A:$A,$A5) -> 0 | M5: =SUMIFS(Biometria!M:M,Biometria!$A:$A,$A5) -> 0 | N5: =SUMIFS('A.T D0'!O:O,'A.T D0'!$A:$A,$A5)+SUMIFS('A.T D7'!O:O,'A.T D7'!$A:$A,$A5)+SUMIFS('A.T D22'!O:O,'A.T D22'!$A:$A,$A5)+SUMIFS('A.T D37'!O:O,'A.T D37'!$A:$A,$A5)+SUMIFS('A.T D52'!O:O,'A.T D52'!$A:$A,$A5)+SUMIFS('A.T D67'!O:O,'A.T D67'!$A:$A,$A5) -> 5.2 | O5: =SUMIFS('A.T D0'!P:P,'A.T D0'!$A:$A,$A5)+SUMIFS('A.T D7'!P:P,'A.T D7'!$A:$A,$A5)+SUMIFS('A.T D22'!P:P,'A.T D22'!$A:$A,$A5)+SUMIFS('A.T D37'!P:P,'A.T D37'!$A:$A,$A5)+SUMIFS('A.T D52'!P:P,'A.T D52'!$A:$A,$A5)+SUMIFS('A.T D67'!P:P,'A.T D67'!$A:$A,$A5) -> 18.01 | P5: =SUMIFS('A.T D0'!Q:Q,'A.T D0'!$A:$A,$A5)+SUMIFS('A.T D7'!Q:Q,'A.T D7'!$A:$A,$A5)+SUMIFS('A.T D22'!Q:Q,'A.T D22'!$A:$A,$A5)+SUMIFS('A.T D37'!Q:Q,'A.T D37'!$A:$A,$A5)+SUMIFS('A.T D52'!Q:Q,'A.T D52'!$A:$A,$A5)+SUMIFS('A.T D67'!Q:Q,'A.T D67'!$A:$A,$A5) -> 13.49 | Q5: =SUMIFS('A.T D0'!R:R,'A.T D0'!$A:$A,$A5)+SUMIFS('A.T D7'!R:R,'A.T D7'!$A:$A,$A5)+SUMIFS('A.T D22'!R:R,'A.T D22'!$A:$A,$A5)+SUMIFS('A.T D37'!R:R,'A.T D37'!$A:$A,$A5)+SUMIFS('A.T D52'!R:R,'A.T D52'!$A:$A,$A5)+SUMIFS('A.T D67'!R:R,'A.T D67'!$A:$A,$A5) -> 74.9 | R5: =SUMIFS('A.T D0'!S:S,'A.T D0'!$A:$A,$A5)+SUMIFS('A.T D7'!S:S,'A.T D7'!$A:$A,$A5)+SUMIFS('A.T D22'!S:S,'A.T D22'!$A:$A,$A5)+SUMIFS('A.T D37'!S:S,'A.T D37'!$A:$A,$A5)+SUMIFS('A.T D52'!S:S,'A.T D52'!$A:$A,$A5)+SUMIFS('A.T D67'!S:S,'A.T D67'!$A:$A,$A5) -> 1.07 | S5: =SUMIFS('A.T D0'!T:T,'A.T D0'!$A:$A,$A5)+SUMIFS('A.T D7'!T:T,'A.T D7'!$A:$A,$A5)+SUMIFS('A.T D22'!T:T,'A.T D22'!$A:$A,$A5)+SUMIFS('A.T D37'!T:T,'A.T D37'!$A:$A,$A5)+SUMIFS('A.T D52'!T:T,'A.T D52'!$A:$A,$A5)+SUMIFS('A.T D67'!T:T,'A.T D67'!$A:$A,$A5) -> 11.3623 | T5: =SUMIFS('A.T D0'!U:U,'A.T D0'!$A:$A,$A5)+SUMIFS('A.T D7'!U:U,'A.T D7'!$A:$A,$A5)+SUMIFS('A.T D22'!U:U,'A.T D22'!$A:$A,$A5)+SUMIFS('A.T D37'!U:U,'A.T D37'!$A:$A,$A5)+SUMIFS('A.T D52'!U:U,'A.T D52'!$A:$A,$A5)+SUMIFS('A.T D67'!U:U,'A.T D67'!$A:$A,$A5) -> 0.9 | U5: =SUMIFS('A.T D0'!V:V,'A.T D0'!$A:$A,$A5)+SUMIFS('A.T D7'!V:V,'A.T D7'!$A:$A,$A5)+SUMIFS('A.T D22'!V:V,'A.T D22'!$A:$A,$A5)+SUMIFS('A.T D37'!V:V,'A.T D37'!$A:$A,$A5)+SUMIFS('A.T D52'!V:V,'A.T D52'!$A:$A,$A5)+SUMIFS('A.T D67'!V:V,'A.T D67'!$A:$A,$A5) -> 12.31 | V5: =SUMIFS('A.T D0'!W:W,'A.T D0'!$A:$A,$A5)+SUMIFS('A.T D7'!W:W,'A.T D7'!$A:$A,$A5)+SUMIFS('A.T D22'!W:W,'A.T D22'!$A:$A,$A5)+SUMIFS('A.T D37'!W:W,'A.T D37'!$A:$A,$A5)+SUMIFS('A.T D52'!W:W,'A.T D52'!$A:$A,$A5)+SUMIFS('A.T D67'!W:W,'A.T D67'!$A:$A,$A5) -> -0.77 | W5: =SUMIFS('A.T D0'!X:X,'A.T D0'!$A:$A,$A5)+SUMIFS('A.T D7'!X:X,'A.T D7'!$A:$A,$A5)+SUMIFS('A.T D22'!X:X,'A.T D22'!$A:$A,$A5)+SUMIFS('A.T D37'!X:X,'A.T D37'!$A:$A,$A5)+SUMIFS('A.T D52'!X:X,'A.T D52'!$A:$A,$A5)+SUMIFS('A.T D67'!X:X,'A.T D67'!$A:$A,$A5) -> 117.67 | X5: =SUMIFS(TCH!J:J,TCH!$A:$A,$A5) -> 0 | Y5: =IF(X5=0,0,(X5*AVERAGEIFS($W:$W,$C:$C,$C5,$D:$D,$D5,$E:$E,$E5,$G:$G,$G5,$B:$B,_xlfn.MAXIFS($B:$B,$C:$C,$C5,$D:$D,$D5,$E:$E,$E5,$G:$G,$G5,$B:$B,"<>"&$B5)))/1000) -> 0 | Z5: =SUMIFS(TCH!M:M,TCH!$A:$A,$A5) -> 0 | AA5: =IF(Z5=0,0,(Z5*AVERAGEIFS($W:$W,$C:$C,$C5,$D:$D,$D5,$E:$E,$E5,$G:$G,$G5,$B:$B,_xlfn.MAXIFS($B:$B,$C:$C,$C5,$D:$D,$D5,$E:$E,$E5,$G:$G,$G5,$B:$B,"<>"&$B5)))/1000) -> 0 | AB5: =SUMIFS(TCH!P:P,TCH!$A:$A,$A5) -> 0 | AC5: =IF(AB5=0,0,(AB5*AVERAGEIFS($W:$W,$C:$C,$C5,$D:$D,$D5,$E:$E,$E5,$G:$G,$G5,$B:$B,_xlfn.MAXIFS($B:$B,$C:$C,$C5,$D:$D,$D5,$E:$E,$E5,$G:$G,$G5,$B:$B,"<>"&$B5)))/1000) -> 0 | AD5: =SUMIFS(TCH!S:S,TCH!$A:$A,$A5) -> 0 | AE5: =IF(AD5=0,0,(AD5*AVERAGEIFS($W:$W,$C:$C,$C5,$D:$D,$D5,$E:$E,$E5,$G:$G,$G5,$B:$B,_xlfn.MAXIFS($B:$B,$C:$C,$C5,$D:$D,$D5,$E:$E,$E5,$G:$G,$G5,$B:$B,"<>"&$B5)))/1000) -> 0 | AF5: =SUMIFS(TCH!V:V,TCH!$A:$A,$A5) -> 0 | AG5: =IF(AF5=0,0,(AF5*AVERAGEIFS($W:$W,$C:$C,$C5,$D:$D,$D5,$E:$E,$E5,$G:$G,$G5,$B:$B,_xlfn.MAXIFS($B:$B,$C:$C,$C5,$D:$D,$D5,$E:$E,$E5,$G:$G,$G5,$B:$B,"<>"&$B5)))/1000) -> 0 | AH5: =SUMIFS(TCH!Y:Y,TCH!$A:$A,$A5) -> 0 | AI5: =IF(AH5=0,0,(AH5*AVERAGEIFS($W:$W,$C:$C,$C5,$D:$D,$D5,$E:$E,$E5,$G:$G,$G5,$B:$B,_xlfn.MAXIFS($B:$B,$C:$C,$C5,$D:$D,$D5,$E:$E,$E5,$G:$G,$G5,$B:$B,"<>"&$B5)))/1000) -> 0 | AJ5: 0 | AK5: 0 | AL5: 0 | AM5: 0 | AN5: 0 | AO5: 0 | AP5: 0 | AQ5: 0 | AR5: 0 | AS5: 0 | AT5: 0 | AU5: 0 | AV5: 0 | AW5: 0 | AX5: 0 | AY5: 0 | AZ5: 0
A6: =B6&C6&D6&E6&F6&G6 -> 45733491B3R29 | B6: 45733 | C6: 49 | D6: 1 | E6: B3 | F6: R2 | G6: 9 | H6: =SUMIFS(Biometria!H:H,Biometria!$A:$A,$A6) -> 14 | I6: =SUMIFS(Biometria!I:I,Biometria!$A:$A,$A6) -> 0 | J6: =SUMIFS(Biometria!J:J,Biometria!$A:$A,$A6) -> 0 | K6: =SUMIFS(Biometria!K:K,Biometria!$A:$A,$A6) -> 0 | L6: =SUMIFS(Biometria!L:L,Biometria!$A:$A,$A6) -> 0 | M6: =SUMIFS(Biometria!M:M,Biometria!$A:$A,$A6) -> 0 | N6: =SUMIFS('A.T D0'!O:O,'A.T D0'!$A:$A,$A6)+SUMIFS('A.T D7'!O:O,'A.T D7'!$A:$A,$A6)+SUMIFS('A.T D22'!O:O,'A.T D22'!$A:$A,$A6)+SUMIFS('A.T D37'!O:O,'A.T D37'!$A:$A,$A6)+SUMIFS('A.T D52'!O:O,'A.T D52'!$A:$A,$A6)+SUMIFS('A.T D67'!O:O,'A.T D67'!$A:$A,$A6) -> 5.2 | O6: =SUMIFS('A.T D0'!P:P,'A.T D0'!$A:$A,$A6)+SUMIFS('A.T D7'!P:P,'A.T D7'!$A:$A,$A6)+SUMIFS('A.T D22'!P:P,'A.T D22'!$A:$A,$A6)+SUMIFS('A.T D37'!P:P,'A.T D37'!$A:$A,$A6)+SUMIFS('A.T D52'!P:P,'A.T D52'!$A:$A,$A6)+SUMIFS('A.T D67'!P:P,'A.T D67'!$A:$A,$A6) -> 16.4 | P6: =SUMIFS('A.T D0'!Q:Q,'A.T D0'!$A:$A,$A6)+SUMIFS('A.T D7'!Q:Q,'A.T D7'!$A:$A,$A6)+SUMIFS('A.T D22'!Q:Q,'A.T D22'!$A:$A,$A6)+SUMIFS('A.T D37'!Q:Q,'A.T D37'!$A:$A,$A6)+SUMIFS('A.T D52'!Q:Q,'A.T D52'!$A:$A,$A6)+SUMIFS('A.T D67'!Q:Q,'A.T D67'!$A:$A,$A6) -> 12.24 | Q6: =SUMIFS('A.T D0'!R:R,'A.T D0'!$A:$A,$A6)+SUMIFS('A.T D7'!R:R,'A.T D7'!$A:$A,$A6)+SUMIFS('A.T D22'!R:R,'A.T D22'!$A:$A,$A6)+SUMIFS('A.T D37'!R:R,'A.T D37'!$A:$A,$A6)+SUMIFS('A.T D52'!R:R,'A.T D52'!$A:$A,$A6)+SUMIFS('A.T D67'!R:R,'A.T D67'!$A:$A,$A6) -> 74.63 | R6: =SUMIFS('A.T D0'!S:S,'A.T D0'!$A:$A,$A6)+SUMIFS('A.T D7'!S:S,'A.T D7'!$A:$A,$A6)+SUMIFS('A.T D22'!S:S,'A.T D22'!$A:$A,$A6)+SUMIFS('A.T D37'!S:S,'A.T D37'!$A:$A,$A6)+SUMIFS('A.T D52'!S:S,'A.T D52'!$A:$A,$A6)+SUMIFS('A.T D67'!S:S,'A.T D67'!$A:$A,$A6) -> 1.08 | S6: =SUMIFS('A.T D0'!T:T,'A.T D0'!$A:$A,$A6)+SUMIFS('A.T D7'!T:T,'A.T D7'!$A:$A,$A6)+SUMIFS('A.T D22'!T:T,'A.T D22'!$A:$A,$A6)+SUMIFS('A.T D37'!T:T,'A.T D37'!$A:$A,$A6)+SUMIFS('A.T D52'!T:T,'A.T D52'!$A:$A,$A6)+SUMIFS('A.T D67'!T:T,'A.T D67'!$A:$A,$A6) -> 10.2004 | T6: =SUMIFS('A.T D0'!U:U,'A.T D0'!$A:$A,$A6)+SUMIFS('A.T D7'!U:U,'A.T D7'!$A:$A,$A6)+SUMIFS('A.T D22'!U:U,'A.T D22'!$A:$A,$A6)+SUMIFS('A.T D37'!U:U,'A.T D37'!$A:$A,$A6)+SUMIFS('A.T D52'!U:U,'A.T D52'!$A:$A,$A6)+SUMIFS('A.T D67'!U:U,'A.T D67'!$A:$A,$A6) -> 0.9 | U6: =SUMIFS('A.T D0'!V:V,'A.T D0'!$A:$A,$A6)+SUMIFS('A.T D7'!V:V,'A.T D7'!$A:$A,$A6)+SUMIFS('A.T D22'!V:V,'A.T D22'!$A:$A,$A6)+SUMIFS('A.T D37'!V:V,'A.T D37'!$A:$A,$A6)+SUMIFS('A.T D52'!V:V,'A.T D52'!$A:$A,$A6)+SUMIFS('A.T D67'!V:V,'A.T D67'!$A:$A,$A6) -> 12.92 | V6: =SUMIFS('A.T D0'!W:W,'A.T D0'!$A:$A,$A6)+SUMIFS('A.T D7'!W:W,'A.T D7'!$A:$A,$A6)+SUMIFS('A.T D22'!W:W,'A.T D22'!$A:$A,$A6)+SUMIFS('A.T D37'!W:W,'A.T D37'!$A:$A,$A6)+SUMIFS('A.T D52'!W:W,'A.T D52'!$A:$A,$A6)+SUMIFS('A.T D67'!W:W,'A.T D67'!$A:$A,$A6) -> -10.2 | W6: =SUMIFS('A.T D0'!X:X,'A.T D0'!$A:$A,$A6)+SUMIFS('A.T D7'!X:X,'A.T D7'!$A:$A,$A6)+SUMIFS('A.T D22'!X:X,'A.T D22'!$A:$A,$A6)+SUMIFS('A.T D37'!X:X,'A.T D37'!$A:$A,$A6)+SUMIFS('A.T D52'!X:X,'A.T D52'!$A:$A,$A6)+SUMIFS('A.T D67'!X:X,'A.T D67'!$A:$A,$A6) -> 106.48 | X6: =SUMIFS(TCH!J:J,TCH!$A:$A,$A6) -> 0 | Y6: =IF(X6=0,0,(X6*AVERAGEIFS($W:$W,$C:$C,$C6,$D:$D,$D6,$E:$E,$E6,$G:$G,$G6,$B:$B,_xlfn.MAXIFS($B:$B,$C:$C,$C6,$D:$D,$D6,$E:$E,$E6,$G:$G,$G6,$B:$B,"<>"&$B6)))/1000) -> 0 | Z6: =SUMIFS(TCH!M:M,TCH!$A:$A,$A6) -> 0 | AA6: =IF(Z6=0,0,(Z6*AVERAGEIFS($W:$W,$C:$C,$C6,$D:$D,$D6,$E:$E,$E6,$G:$G,$G6,$B:$B,_xlfn.MAXIFS($B:$B,$C:$C,$C6,$D:$D,$D6,$E:$E,$E6,$G:$G,$G6,$B:$B,"<>"&$B6)))/1000) -> 0 | AB6: =SUMIFS(TCH!P:P,TCH!$A:$A,$A6) -> 0 | AC6: =IF(AB6=0,0,(AB6*AVERAGEIFS($W:$W,$C:$C,$C6,$D:$D,$D6,$E:$E,$E6,$G:$G,$G6,$B:$B,_xlfn.MAXIFS($B:$B,$C:$C,$C6,$D:$D,$D6,$E:$E,$E6,$G:$G,$G6,$B:$B,"<>"&$B6)))/1000) -> 0 | AD6: =SUMIFS(TCH!S:S,TCH!$A:$A,$A6) -> 0 | AE6: =IF(AD6=0,0,(AD6*AVERAGEIFS($W:$W,$C:$C,$C6,$D:$D,$D6,$E:$E,$E6,$G:$G,$G6,$B:$B,_xlfn.MAXIFS($B:$B,$C:$C,$C6,$D:$D,$D6,$E:$E,$E6,$G:$G,$G6,$B:$B,"<>"&$B6)))/1000) -> 0 | AF6: =SUMIFS(TCH!V:V,TCH!$A:$A,$A6) -> 0 | AG6: =IF(AF6=0,0,(AF6*AVERAGEIFS($W:$W,$C:$C,$C6,$D:$D,$D6,$E:$E,$E6,$G:$G,$G6,$B:$B,_xlfn.MAXIFS($B:$B,$C:$C,$C6,$D:$D,$D6,$E:$E,$E6,$G:$G,$G6,$B:$B,"<>"&$B6)))/1000) -> 0 | AH6: =SUMIFS(TCH!Y:Y,TCH!$A:$A,$A6) -> 0 | AI6: =IF(AH6=0,0,(AH6*AVERAGEIFS($W:$W,$C:$C,$C6,$D:$D,$D6,$E:$E,$E6,$G:$G,$G6,$B:$B,_xlfn.MAXIFS($B:$B,$C:$C,$C6,$D:$D,$D6,$E:$E,$E6,$G:$G,$G6,$B:$B,"<>"&$B6)))/1000) -> 0 | AJ6: 0 | AK6: 0 | AL6: 0 | AM6: 0 | AN6: 0 | AO6: 0 | AP6: 0 | AQ6: 0 | AR6: 0 | AS6: 0 | AT6: 0 | AU6: 0 | AV6: 0 | AW6: 0 | AX6: 0 | AY6: 0 | AZ6: 0
A7: =B7&C7&D7&E7&F7&G7 -> 45733491B3R39 | B7: 45733 | C7: 49 | D7: 1 | E7: B3 | F7: R3 | G7: 9 | H7: =SUMIFS(Biometria!H:H,Biometria!$A:$A,$A7) -> 13.49 | I7: =SUMIFS(Biometria!I:I,Biometria!$A:$A,$A7) -> 0 | J7: =SUMIFS(Biometria!J:J,Biometria!$A:$A,$A7) -> 0 | K7: =SUMIFS(Biometria!K:K,Biometria!$A:$A,$A7) -> 0 | L7: =SUMIFS(Biometria!L:L,Biometria!$A:$A,$A7) -> 0 | M7: =SUMIFS(Biometria!M:M,Biometria!$A:$A,$A7) -> 0 | N7: =SUMIFS('A.T D0'!O:O,'A.T D0'!$A:$A,$A7)+SUMIFS('A.T D7'!O:O,'A.T D7'!$A:$A,$A7)+SUMIFS('A.T D22'!O:O,'A.T D22'!$A:$A,$A7)+SUMIFS('A.T D37'!O:O,'A.T D37'!$A:$A,$A7)+SUMIFS('A.T D52'!O:O,'A.T D52'!$A:$A,$A7)+SUMIFS('A.T D67'!O:O,'A.T D67'!$A:$A,$A7) -> 5.2 | O7: =SUMIFS('A.T D0'!P:P,'A.T D0'!$A:$A,$A7)+SUMIFS('A.T D7'!P:P,'A.T D7'!$A:$A,$A7)+SUMIFS('A.T D22'!P:P,'A.T D22'!$A:$A,$A7)+SUMIFS('A.T D37'!P:P,'A.T D37'!$A:$A,$A7)+SUMIFS('A.T D52'!P:P,'A.T D52'!$A:$A,$A7)+SUMIFS('A.T D67'!P:P,'A.T D67'!$A:$A,$A7) -> 16.44 | P7: =SUMIFS('A.T D0'!Q:Q,'A.T D0'!$A:$A,$A7)+SUMIFS('A.T D7'!Q:Q,'A.T D7'!$A:$A,$A7)+SUMIFS('A.T D22'!Q:Q,'A.T D22'!$A:$A,$A7)+SUMIFS('A.T D37'!Q:Q,'A.T D37'!$A:$A,$A7)+SUMIFS('A.T D52'!Q:Q,'A.T D52'!$A:$A,$A7)+SUMIFS('A.T D67'!Q:Q,'A.T D67'!$A:$A,$A7) -> 12.22 | Q7: =SUMIFS('A.T D0'!R:R,'A.T D0'!$A:$A,$A7)+SUMIFS('A.T D7'!R:R,'A.T D7'!$A:$A,$A7)+SUMIFS('A.T D22'!R:R,'A.T D22'!$A:$A,$A7)+SUMIFS('A.T D37'!R:R,'A.T D37'!$A:$A,$A7)+SUMIFS('A.T D52'!R:R,'A.T D52'!$A:$A,$A7)+SUMIFS('A.T D67'!R:R,'A.T D67'!$A:$A,$A7) -> 74.33 | R7: =SUMIFS('A.T D0'!S:S,'A.T D0'!$A:$A,$A7)+SUMIFS('A.T D7'!S:S,'A.T D7'!$A:$A,$A7)+SUMIFS('A.T D22'!S:S,'A.T D22'!$A:$A,$A7)+SUMIFS('A.T D37'!S:S,'A.T D37'!$A:$A,$A7)+SUMIFS('A.T D52'!S:S,'A.T D52'!$A:$A,$A7)+SUMIFS('A.T D67'!S:S,'A.T D67'!$A:$A,$A7) -> 1.09 | S7: =SUMIFS('A.T D0'!T:T,'A.T D0'!$A:$A,$A7)+SUMIFS('A.T D7'!T:T,'A.T D7'!$A:$A,$A7)+SUMIFS('A.T D22'!T:T,'A.T D22'!$A:$A,$A7)+SUMIFS('A.T D37'!T:T,'A.T D37'!$A:$A,$A7)+SUMIFS('A.T D52'!T:T,'A.T D52'!$A:$A,$A7)+SUMIFS('A.T D67'!T:T,'A.T D67'!$A:$A,$A7) -> 10.3697 | T7: =SUMIFS('A.T D0'!U:U,'A.T D0'!$A:$A,$A7)+SUMIFS('A.T D7'!U:U,'A.T D7'!$A:$A,$A7)+SUMIFS('A.T D22'!U:U,'A.T D22'!$A:$A,$A7)+SUMIFS('A.T D37'!U:U,'A.T D37'!$A:$A,$A7)+SUMIFS('A.T D52'!U:U,'A.T D52'!$A:$A,$A7)+SUMIFS('A.T D67'!U:U,'A.T D67'!$A:$A,$A7) -> 0.92 | U7: =SUMIFS('A.T D0'!V:V,'A.T D0'!$A:$A,$A7)+SUMIFS('A.T D7'!V:V,'A.T D7'!$A:$A,$A7)+SUMIFS('A.T D22'!V:V,'A.T D22'!$A:$A,$A7)+SUMIFS('A.T D37'!V:V,'A.T D37'!$A:$A,$A7)+SUMIFS('A.T D52'!V:V,'A.T D52'!$A:$A,$A7)+SUMIFS('A.T D67'!V:V,'A.T D67'!$A:$A,$A7) -> 11.88 | V7: =SUMIFS('A.T D0'!W:W,'A.T D0'!$A:$A,$A7)+SUMIFS('A.T D7'!W:W,'A.T D7'!$A:$A,$A7)+SUMIFS('A.T D22'!W:W,'A.T D22'!$A:$A,$A7)+SUMIFS('A.T D37'!W:W,'A.T D37'!$A:$A,$A7)+SUMIFS('A.T D52'!W:W,'A.T D52'!$A:$A,$A7)+SUMIFS('A.T D67'!W:W,'A.T D67'!$A:$A,$A7) -> -8.68 | W7: =SUMIFS('A.T D0'!X:X,'A.T D0'!$A:$A,$A7)+SUMIFS('A.T D7'!X:X,'A.T D7'!$A:$A,$A7)+SUMIFS('A.T D22'!X:X,'A.T D22'!$A:$A,$A7)+SUMIFS('A.T D37'!X:X,'A.T D37'!$A:$A,$A7)+SUMIFS('A.T D52'!X:X,'A.T D52'!$A:$A,$A7)+SUMIFS('A.T D67'!X:X,'A.T D67'!$A:$A,$A7) -> 108.29 | X7: =SUMIFS(TCH!J:J,TCH!$A:$A,$A7) -> 0 | Y7: =IF(X7=0,0,(X7*AVERAGEIFS($W:$W,$C:$C,$C7,$D:$D,$D7,$E:$E,$E7,$G:$G,$G7,$B:$B,_xlfn.MAXIFS($B:$B,$C:$C,$C7,$D:$D,$D7,$E:$E,$E7,$G:$G,$G7,$B:$B,"<>"&$B7)))/1000) -> 0 | Z7: =SUMIFS(TCH!M:M,TCH!$A:$A,$A7) -> 0 | AA7: =IF(Z7=0,0,(Z7*AVERAGEIFS($W:$W,$C:$C,$C7,$D:$D,$D7,$E:$E,$E7,$G:$G,$G7,$B:$B,_xlfn.MAXIFS($B:$B,$C:$C,$C7,$D:$D,$D7,$E:$E,$E7,$G:$G,$G7,$B:$B,"<>"&$B7)))/1000) -> 0 | AB7: =SUMIFS(TCH!P:P,TCH!$A:$A,$A7) -> 0 | AC7: =IF(AB7=0,0,(AB7*AVERAGEIFS($W:$W,$C:$C,$C7,$D:$D,$D7,$E:$E,$E7,$G:$G,$G7,$B:$B,_xlfn.MAXIFS($B:$B,$C:$C,$C7,$D:$D,$D7,$E:$E,$E7,$G:$G,$G7,$B:$B,"<>"&$B7)))/1000) -> 0 | AD7: =SUMIFS(TCH!S:S,TCH!$A:$A,$A7) -> 0 | AE7: =IF(AD7=0,0,(AD7*AVERAGEIFS($W:$W,$C:$C,$C7,$D:$D,$D7,$E:$E,$E7,$G:$G,$G7,$B:$B,_xlfn.MAXIFS($B:$B,$C:$C,$C7,$D:$D,$D7,$E:$E,$E7,$G:$G,$G7,$B:$B,"<>"&$B7)))/1000) -> 0 | AF7: =SUMIFS(TCH!V:V,TCH!$A:$A,$A7) -> 0 | AG7: =IF(AF7=0,0,(AF7*AVERAGEIFS($W:$W,$C:$C,$C7,$D:$D,$D7,$E:$E,$E7,$G:$G,$G7,$B:$B,_xlfn.MAXIFS($B:$B,$C:$C,$C7,$D:$D,$D7,$E:$E,$E7,$G:$G,$G7,$B:$B,"<>"&$B7)))/1000) -> 0 | AH7: =SUMIFS(TCH!Y:Y,TCH!$A:$A,$A7) -> 0 | AI7: =IF(AH7=0,0,(AH7*AVERAGEIFS($W:$W,$C:$C,$C7,$D:$D,$D7,$E:$E,$E7,$G:$G,$G7,$B:$B,_xlfn.MAXIFS($B:$B,$C:$C,$C7,$D:$D,$D7,$E:$E,$E7,$G:$G,$G7,$B:$B,"<>"&$B7)))/1000) -> 0 | AJ7: 0 | AK7: 0 | AL7: 0 | AM7: 0 | AN7: 0 | AO7: 0 | AP7: 0 | AQ7: 0 | AR7: 0 | AS7: 0 | AT7: 0 | AU7: 0 | AV7: 0 | AW7: 0 | AX7: 0 | AY7: 0 | AZ7: 0
A8: =B8&C8&D8&E8&F8&G8 -> 45733491B2R117 | B8: 45733 | C8: 49 | D8: 1 | E8: B2 | F8: R1 | G8: 17 | H8: =SUMIFS(Biometria!H:H,Biometria!$A:$A,$A8) -> 16.62 | I8: =SUMIFS(Biometria!I:I,Biometria!$A:$A,$A8) -> 17.173333 | J8: =SUMIFS(Biometria!J:J,Biometria!$A:$A,$A8) -> 0 | K8: =SUMIFS(Biometria!K:K,Biometria!$A:$A,$A8) -> 2.62 | L8: =SUMIFS(Biometria!L:L,Biometria!$A:$A,$A8) -> 0 | M8: =SUMIFS(Biometria!M:M,Biometria!$A:$A,$A8) -> 0 | N8: =SUMIFS('A.T D0'!O:O,'A.T D0'!$A:$A,$A8)+SUMIFS('A.T D7'!O:O,'A.T D7'!$A:$A,$A8)+SUMIFS('A.T D22'!O:O,'A.T D22'!$A:$A,$A8)+SUMIFS('A.T D37'!O:O,'A.T D37'!$A:$A,$A8)+SUMIFS('A.T D52'!O:O,'A.T D52'!$A:$A,$A8)+SUMIFS('A.T D67'!O:O,'A.T D67'!$A:$A,$A8) -> 5.2 | O8: =SUMIFS('A.T D0'!P:P,'A.T D0'!$A:$A,$A8)+SUMIFS('A.T D7'!P:P,'A.T D7'!$A:$A,$A8)+SUMIFS('A.T D22'!P:P,'A.T D22'!$A:$A,$A8)+SUMIFS('A.T D37'!P:P,'A.T D37'!$A:$A,$A8)+SUMIFS('A.T D52'!P:P,'A.T D52'!$A:$A,$A8)+SUMIFS('A.T D67'!P:P,'A.T D67'!$A:$A,$A8) -> 16.4 | P8: =SUMIFS('A.T D0'!Q:Q,'A.T D0'!$A:$A,$A8)+SUMIFS('A.T D7'!Q:Q,'A.T D7'!$A:$A,$A8)+SUMIFS('A.T D22'!Q:Q,'A.T D22'!$A:$A,$A8)+SUMIFS('A.T D37'!Q:Q,'A.T D37'!$A:$A,$A8)+SUMIFS('A.T D52'!Q:Q,'A.T D52'!$A:$A,$A8)+SUMIFS('A.T D67'!Q:Q,'A.T D67'!$A:$A,$A8) -> 12.44 | Q8: =SUMIFS('A.T D0'!R:R,'A.T D0'!$A:$A,$A8)+SUMIFS('A.T D7'!R:R,'A.T D7'!$A:$A,$A8)+SUMIFS('A.T D22'!R:R,'A.T D22'!$A:$A,$A8)+SUMIFS('A.T D37'!R:R,'A.T D37'!$A:$A,$A8)+SUMIFS('A.T D52'!R:R,'A.T D52'!$A:$A,$A8)+SUMIFS('A.T D67'!R:R,'A.T D67'!$A:$A,$A8) -> 75.85 | R8: =SUMIFS('A.T D0'!S:S,'A.T D0'!$A:$A,$A8)+SUMIFS('A.T D7'!S:S,'A.T D7'!$A:$A,$A8)+SUMIFS('A.T D22'!S:S,'A.T D22'!$A:$A,$A8)+SUMIFS('A.T D37'!S:S,'A.T D37'!$A:$A,$A8)+SUMIFS('A.T D52'!S:S,'A.T D52'!$A:$A,$A8)+SUMIFS('A.T D67'!S:S,'A.T D67'!$A:$A,$A8) -> 1.04 | S8: =SUMIFS('A.T D0'!T:T,'A.T D0'!$A:$A,$A8)+SUMIFS('A.T D7'!T:T,'A.T D7'!$A:$A,$A8)+SUMIFS('A.T D22'!T:T,'A.T D22'!$A:$A,$A8)+SUMIFS('A.T D37'!T:T,'A.T D37'!$A:$A,$A8)+SUMIFS('A.T D52'!T:T,'A.T D52'!$A:$A,$A8)+SUMIFS('A.T D67'!T:T,'A.T D67'!$A:$A,$A8) -> 10.3979 | T8: =SUMIFS('A.T D0'!U:U,'A.T D0'!$A:$A,$A8)+SUMIFS('A.T D7'!U:U,'A.T D7'!$A:$A,$A8)+SUMIFS('A.T D22'!U:U,'A.T D22'!$A:$A,$A8)+SUMIFS('A.T D37'!U:U,'A.T D37'!$A:$A,$A8)+SUMIFS('A.T D52'!U:U,'A.T D52'!$A:$A,$A8)+SUMIFS('A.T D67'!U:U,'A.T D67'!$A:$A,$A8) -> 0.87 | U8: =SUMIFS('A.T D0'!V:V,'A.T D0'!$A:$A,$A8)+SUMIFS('A.T D7'!V:V,'A.T D7'!$A:$A,$A8)+SUMIFS('A.T D22'!V:V,'A.T D22'!$A:$A,$A8)+SUMIFS('A.T D37'!V:V,'A.T D37'!$A:$A,$A8)+SUMIFS('A.T D52'!V:V,'A.T D52'!$A:$A,$A8)+SUMIFS('A.T D67'!V:V,'A.T D67'!$A:$A,$A8) -> 12.75 | V8: =SUMIFS('A.T D0'!W:W,'A.T D0'!$A:$A,$A8)+SUMIFS('A.T D7'!W:W,'A.T D7'!$A:$A,$A8)+SUMIFS('A.T D22'!W:W,'A.T D22'!$A:$A,$A8)+SUMIFS('A.T D37'!W:W,'A.T D37'!$A:$A,$A8)+SUMIFS('A.T D52'!W:W,'A.T D52'!$A:$A,$A8)+SUMIFS('A.T D67'!W:W,'A.T D67'!$A:$A,$A8) -> -8.83 | W8: =SUMIFS('A.T D0'!X:X,'A.T D0'!$A:$A,$A8)+SUMIFS('A.T D7'!X:X,'A.T D7'!$A:$A,$A8)+SUMIFS('A.T D22'!X:X,'A.T D22'!$A:$A,$A8)+SUMIFS('A.T D37'!X:X,'A.T D37'!$A:$A,$A8)+SUMIFS('A.T D52'!X:X,'A.T D52'!$A:$A,$A8)+SUMIFS('A.T D67'!X:X,'A.T D67'!$A:$A,$A8) -> 108.11 | X8: =SUMIFS(TCH!J:J,TCH!$A:$A,$A8) -> 0 | Y8: =IF(X8=0,0,(X8*AVERAGEIFS($W:$W,$C:$C,$C8,$D:$D,$D8,$E:$E,$E8,$G:$G,$G8,$B:$B,_xlfn.MAXIFS($B:$B,$C:$C,$C8,$D:$D,$D8,$E:$E,$E8,$G:$G,$G8,$B:$B,"<>"&$B8)))/1000) -> 0 | Z8: =SUMIFS(TCH!M:M,TCH!$A:$A,$A8) -> 0 | AA8: =IF(Z8=0,0,(Z8*AVERAGEIFS($W:$W,$C:$C,$C8,$D:$D,$D8,$E:$E,$E8,$G:$G,$G8,$B:$B,_xlfn.MAXIFS($B:$B,$C:$C,$C8,$D:$D,$D8,$E:$E,$E8,$G:$G,$G8,$B:$B,"<>"&$B8)))/1000) -> 0 | AB8: =SUMIFS(TCH!P:P,TCH!$A:$A,$A8) -> 0 | AC8: =IF(AB8=0,0,(AB8*AVERAGEIFS($W:$W,$C:$C,$C8,$D:$D,$D8,$E:$E,$E8,$G:$G,$G8,$B:$B,_xlfn.MAXIFS($B:$B,$C:$C,$C8,$D:$D,$D8,$E:$E,$E8,$G:$G,$G8,$B:$B,"<>"&$B8)))/1000) -> 0 | AD8: =SUMIFS(TCH!S:S,TCH!$A:$A,$A8) -> 0 | AE8: =IF(AD8=0,0,(AD8*AVERAGEIFS($W:$W,$C:$C,$C8,$D:$D,$D8,$E:$E,$E8,$G:$G,$G8,$B:$B,_xlfn.MAXIFS($B:$B,$C:$C,$C8,$D:$D,$D8,$E:$E,$E8,$G:$G,$G8,$B:$B,"<>"&$B8)))/1000) -> 0 | AF8: =SUMIFS(TCH!V:V,TCH!$A:$A,$A8) -> 0 | AG8: =IF(AF8=0,0,(AF8*AVERAGEIFS($W:$W,$C:$C,$C8,$D:$D,$D8,$E:$E,$E8,$G:$G,$G8,$B:$B,_xlfn.MAXIFS($B:$B,$C:$C,$C8,$D:$D,$D8,$E:$E,$E8,$G:$G,$G8,$B:$B,"<>"&$B8)))/1000) -> 0 | AH8: =SUMIFS(TCH!Y:Y,TCH!$A:$A,$A8) -> 0 | AI8: =IF(AH8=0,0,(AH8*AVERAGEIFS($W:$W,$C:$C,$C8,$D:$D,$D8,$E:$E,$E8,$G:$G,$G8,$B:$B,_xlfn.MAXIFS($B:$B,$C:$C,$C8,$D:$D,$D8,$E:$E,$E8,$G:$G,$G8,$B:$B,"<>"&$B8)))/1000) -> 0 | AJ8: 0 | AK8: 0 | AL8: 0 | AM8: 0 | AN8: 0 | AO8: 0 | AP8: 0 | AQ8: 0 | AR8: 0 | AS8: 0 | AT8: 0 | AU8: 0 | AV8: 0 | AW8: 0 | AX8: 0 | AY8: 0 | AZ8: 0
A9: =B9&C9&D9&E9&F9&G9 -> 45733491B2R217 | B9: 45733 | C9: 49 | D9: 1 | E9: B2 | F9: R2 | G9: 17 | H9: =SUMIFS(Biometria!H:H,Biometria!$A:$A,$A9) -> 18.41 | I9: =SUMIFS(Biometria!I:I,Biometria!$A:$A,$A9) -> 0 | J9: =SUMIFS(Biometria!J:J,Biometria!$A:$A,$A9) -> 0 | K9: =SUMIFS(Biometria!K:K,Biometria!$A:$A,$A9) -> 0 | L9: =SUMIFS(Biometria!L:L,Biometria!$A:$A,$A9) -> 0 | M9: =SUMIFS(Biometria!M:M,Biometria!$A:$A,$A9) -> 0 | N9: =SUMIFS('A.T D0'!O:O,'A.T D0'!$A:$A,$A9)+SUMIFS('A.T D7'!O:O,'A.T D7'!$A:$A,$A9)+SUMIFS('A.T D22'!O:O,'A.T D22'!$A:$A,$A9)+SUMIFS('A.T D37'!O:O,'A.T D37'!$A:$A,$A9)+SUMIFS('A.T D52'!O:O,'A.T D52'!$A:$A,$A9)+SUMIFS('A.T D67'!O:O,'A.T D67'!$A:$A,$A9) -> 5.2 | O9: =SUMIFS('A.T D0'!P:P,'A.T D0'!$A:$A,$A9)+SUMIFS('A.T D7'!P:P,'A.T D7'!$A:$A,$A9)+SUMIFS('A.T D22'!P:P,'A.T D22'!$A:$A,$A9)+SUMIFS('A.T D37'!P:P,'A.T D37'!$A:$A,$A9)+SUMIFS('A.T D52'!P:P,'A.T D52'!$A:$A,$A9)+SUMIFS('A.T D67'!P:P,'A.T D67'!$A:$A,$A9) -> 16.27 | P9: =SUMIFS('A.T D0'!Q:Q,'A.T D0'!$A:$A,$A9)+SUMIFS('A.T D7'!Q:Q,'A.T D7'!$A:$A,$A9)+SUMIFS('A.T D22'!Q:Q,'A.T D22'!$A:$A,$A9)+SUMIFS('A.T D37'!Q:Q,'A.T D37'!$A:$A,$A9)+SUMIFS('A.T D52'!Q:Q,'A.T D52'!$A:$A,$A9)+SUMIFS('A.T D67'!Q:Q,'A.T D67'!$A:$A,$A9) -> 11.77 | Q9: =SUMIFS('A.T D0'!R:R,'A.T D0'!$A:$A,$A9)+SUMIFS('A.T D7'!R:R,'A.T D7'!$A:$A,$A9)+SUMIFS('A.T D22'!R:R,'A.T D22'!$A:$A,$A9)+SUMIFS('A.T D37'!R:R,'A.T D37'!$A:$A,$A9)+SUMIFS('A.T D52'!R:R,'A.T D52'!$A:$A,$A9)+SUMIFS('A.T D67'!R:R,'A.T D67'!$A:$A,$A9) -> 72.34 | R9: =SUMIFS('A.T D0'!S:S,'A.T D0'!$A:$A,$A9)+SUMIFS('A.T D7'!S:S,'A.T D7'!$A:$A,$A9)+SUMIFS('A.T D22'!S:S,'A.T D22'!$A:$A,$A9)+SUMIFS('A.T D37'!S:S,'A.T D37'!$A:$A,$A9)+SUMIFS('A.T D52'!S:S,'A.T D52'!$A:$A,$A9)+SUMIFS('A.T D67'!S:S,'A.T D67'!$A:$A,$A9) -> 1.16 | S9: =SUMIFS('A.T D0'!T:T,'A.T D0'!$A:$A,$A9)+SUMIFS('A.T D7'!T:T,'A.T D7'!$A:$A,$A9)+SUMIFS('A.T D22'!T:T,'A.T D22'!$A:$A,$A9)+SUMIFS('A.T D37'!T:T,'A.T D37'!$A:$A,$A9)+SUMIFS('A.T D52'!T:T,'A.T D52'!$A:$A,$A9)+SUMIFS('A.T D67'!T:T,'A.T D67'!$A:$A,$A9) -> 9.7984 | T9: =SUMIFS('A.T D0'!U:U,'A.T D0'!$A:$A,$A9)+SUMIFS('A.T D7'!U:U,'A.T D7'!$A:$A,$A9)+SUMIFS('A.T D22'!U:U,'A.T D22'!$A:$A,$A9)+SUMIFS('A.T D37'!U:U,'A.T D37'!$A:$A,$A9)+SUMIFS('A.T D52'!U:U,'A.T D52'!$A:$A,$A9)+SUMIFS('A.T D67'!U:U,'A.T D67'!$A:$A,$A9) -> 0.97 | U9: =SUMIFS('A.T D0'!V:V,'A.T D0'!$A:$A,$A9)+SUMIFS('A.T D7'!V:V,'A.T D7'!$A:$A,$A9)+SUMIFS('A.T D22'!V:V,'A.T D22'!$A:$A,$A9)+SUMIFS('A.T D37'!V:V,'A.T D37'!$A:$A,$A9)+SUMIFS('A.T D52'!V:V,'A.T D52'!$A:$A,$A9)+SUMIFS('A.T D67'!V:V,'A.T D67'!$A:$A,$A9) -> 12.98 | V9: =SUMIFS('A.T D0'!W:W,'A.T D0'!$A:$A,$A9)+SUMIFS('A.T D7'!W:W,'A.T D7'!$A:$A,$A9)+SUMIFS('A.T D22'!W:W,'A.T D22'!$A:$A,$A9)+SUMIFS('A.T D37'!W:W,'A.T D37'!$A:$A,$A9)+SUMIFS('A.T D52'!W:W,'A.T D52'!$A:$A,$A9)+SUMIFS('A.T D67'!W:W,'A.T D67'!$A:$A,$A9) -> -12.93 | W9: =SUMIFS('A.T D0'!X:X,'A.T D0'!$A:$A,$A9)+SUMIFS('A.T D7'!X:X,'A.T D7'!$A:$A,$A9)+SUMIFS('A.T D22'!X:X,'A.T D22'!$A:$A,$A9)+SUMIFS('A.T D37'!X:X,'A.T D37'!$A:$A,$A9)+SUMIFS('A.T D52'!X:X,'A.T D52'!$A:$A,$A9)+SUMIFS('A.T D67'!X:X,'A.T D67'!$A:$A,$A9) -> 103.25 | X9: =SUMIFS(TCH!J:J,TCH!$A:$A,$A9) -> 0 | Y9: =IF(X9=0,0,(X9*AVERAGEIFS($W:$W,$C:$C,$C9,$D:$D,$D9,$E:$E,$E9,$G:$G,$G9,$B:$B,_xlfn.MAXIFS($B:$B,$C:$C,$C9,$D:$D,$D9,$E:$E,$E9,$G:$G,$G9,$B:$B,"<>"&$B9)))/1000) -> 0 | Z9: =SUMIFS(TCH!M:M,TCH!$A:$A,$A9) -> 0 | AA9: =IF(Z9=0,0,(Z9*AVERAGEIFS($W:$W,$C:$C,$C9,$D:$D,$D9,$E:$E,$E9,$G:$G,$G9,$B:$B,_xlfn.MAXIFS($B:$B,$C:$C,$C9,$D:$D,$D9,$E:$E,$E9,$G:$G,$G9,$B:$B,"<>"&$B9)))/1000) -> 0 | AB9: =SUMIFS(TCH!P:P,TCH!$A:$A,$A9) -> 0 | AC9: =IF(AB9=0,0,(AB9*AVERAGEIFS($W:$W,$C:$C,$C9,$D:$D,$D9,$E:$E,$E9,$G:$G,$G9,$B:$B,_xlfn.MAXIFS($B:$B,$C:$C,$C9,$D:$D,$D9,$E:$E,$E9,$G:$G,$G9,$B:$B,"<>"&$B9)))/1000) -> 0 | AD9: =SUMIFS(TCH!S:S,TCH!$A:$A,$A9) -> 0 | AE9: =IF(AD9=0,0,(AD9*AVERAGEIFS($W:$W,$C:$C,$C9,$D:$D,$D9,$E:$E,$E9,$G:$G,$G9,$B:$B,_xlfn.MAXIFS($B:$B,$C:$C,$C9,$D:$D,$D9,$E:$E,$E9,$G:$G,$G9,$B:$B,"<>"&$B9)))/1000) -> 0 | AF9: =SUMIFS(TCH!V:V,TCH!$A:$A,$A9) -> 0 | AG9: =IF(AF9=0,0,(AF9*AVERAGEIFS($W:$W,$C:$C,$C9,$D:$D,$D9,$E:$E,$E9,$G:$G,$G9,$B:$B,_xlfn.MAXIFS($B:$B,$C:$C,$C9,$D:$D,$D9,$E:$E,$E9,$G:$G,$G9,$B:$B,"<>"&$B9)))/1000) -> 0 | AH9: =SUMIFS(TCH!Y:Y,TCH!$A:$A,$A9) -> 0 | AI9: =IF(AH9=0,0,(AH9*AVERAGEIFS($W:$W,$C:$C,$C9,$D:$D,$D9,$E:$E,$E9,$G:$G,$G9,$B:$B,_xlfn.MAXIFS($B:$B,$C:$C,$C9,$D:$D,$D9,$E:$E,$E9,$G:$G,$G9,$B:$B,"<>"&$B9)))/1000) -> 0 | AJ9: 0 | AK9: 0 | AL9: 0 | AM9: 0 | AN9: 0 | AO9: 0 | AP9: 0 | AQ9: 0 | AR9: 0 | AS9: 0 | AT9: 0 | AU9: 0 | AV9: 0 | AW9: 0 | AX9: 0 | AY9: 0 | AZ9: 0
A10: =B10&C10&D10&E10&F10&G10 -> 45733491B2R317 | B10: 45733 | C10: 49 | D10: 1 | E10: B2 | F10: R3 | G10: 17 | H10: =SUMIFS(Biometria!H:H,Biometria!$A:$A,$A10) -> 16.49 | I10: =SUMIFS(Biometria!I:I,Biometria!$A:$A,$A10) -> 0 | J10: =SUMIFS(Biometria!J:J,Biometria!$A:$A,$A10) -> 0 | K10: =SUMIFS(Biometria!K:K,Biometria!$A:$A,$A10) -> 0 | L10: =SUMIFS(Biometria!L:L,Biometria!$A:$A,$A10) -> 0 | M10: =SUMIFS(Biometria!M:M,Biometria!$A:$A,$A10) -> 0 | N10: =SUMIFS('A.T D0'!O:O,'A.T D0'!$A:$A,$A10)+SUMIFS('A.T D7'!O:O,'A.T D7'!$A:$A,$A10)+SUMIFS('A.T D22'!O:O,'A.T D22'!$A:$A,$A10)+SUMIFS('A.T D37'!O:O,'A.T D37'!$A:$A,$A10)+SUMIFS('A.T D52'!O:O,'A.T D52'!$A:$A,$A10)+SUMIFS('A.T D67'!O:O,'A.T D67'!$A:$A,$A10) -> 5.2 | O10: =SUMIFS('A.T D0'!P:P,'A.T D0'!$A:$A,$A10)+SUMIFS('A.T D7'!P:P,'A.T D7'!$A:$A,$A10)+SUMIFS('A.T D22'!P:P,'A.T D22'!$A:$A,$A10)+SUMIFS('A.T D37'!P:P,'A.T D37'!$A:$A,$A10)+SUMIFS('A.T D52'!P:P,'A.T D52'!$A:$A,$A10)+SUMIFS('A.T D67'!P:P,'A.T D67'!$A:$A,$A10) -> 17.14 | P10: =SUMIFS('A.T D0'!Q:Q,'A.T D0'!$A:$A,$A10)+SUMIFS('A.T D7'!Q:Q,'A.T D7'!$A:$A,$A10)+SUMIFS('A.T D22'!Q:Q,'A.T D22'!$A:$A,$A10)+SUMIFS('A.T D37'!Q:Q,'A.T D37'!$A:$A,$A10)+SUMIFS('A.T D52'!Q:Q,'A.T D52'!$A:$A,$A10)+SUMIFS('A.T D67'!Q:Q,'A.T D67'!$A:$A,$A10) -> 13.26 | Q10: =SUMIFS('A.T D0'!R:R,'A.T D0'!$A:$A,$A10)+SUMIFS('A.T D7'!R:R,'A.T D7'!$A:$A,$A10)+SUMIFS('A.T D22'!R:R,'A.T D22'!$A:$A,$A10)+SUMIFS('A.T D37'!R:R,'A.T D37'!$A:$A,$A10)+SUMIFS('A.T D52'!R:R,'A.T D52'!$A:$A,$A10)+SUMIFS('A.T D67'!R:R,'A.T D67'!$A:$A,$A10) -> 77.36 | R10: =SUMIFS('A.T D0'!S:S,'A.T D0'!$A:$A,$A10)+SUMIFS('A.T D7'!S:S,'A.T D7'!$A:$A,$A10)+SUMIFS('A.T D22'!S:S,'A.T D22'!$A:$A,$A10)+SUMIFS('A.T D37'!S:S,'A.T D37'!$A:$A,$A10)+SUMIFS('A.T D52'!S:S,'A.T D52'!$A:$A,$A10)+SUMIFS('A.T D67'!S:S,'A.T D67'!$A:$A,$A10) -> 0.99 | S10: =SUMIFS('A.T D0'!T:T,'A.T D0'!$A:$A,$A10)+SUMIFS('A.T D7'!T:T,'A.T D7'!$A:$A,$A10)+SUMIFS('A.T D22'!T:T,'A.T D22'!$A:$A,$A10)+SUMIFS('A.T D37'!T:T,'A.T D37'!$A:$A,$A10)+SUMIFS('A.T D52'!T:T,'A.T D52'!$A:$A,$A10)+SUMIFS('A.T D67'!T:T,'A.T D67'!$A:$A,$A10) -> 11.2075 | T10: =SUMIFS('A.T D0'!U:U,'A.T D0'!$A:$A,$A10)+SUMIFS('A.T D7'!U:U,'A.T D7'!$A:$A,$A10)+SUMIFS('A.T D22'!U:U,'A.T D22'!$A:$A,$A10)+SUMIFS('A.T D37'!U:U,'A.T D37'!$A:$A,$A10)+SUMIFS('A.T D52'!U:U,'A.T D52'!$A:$A,$A10)+SUMIFS('A.T D67'!U:U,'A.T D67'!$A:$A,$A10) -> 0.84 | U10: =SUMIFS('A.T D0'!V:V,'A.T D0'!$A:$A,$A10)+SUMIFS('A.T D7'!V:V,'A.T D7'!$A:$A,$A10)+SUMIFS('A.T D22'!V:V,'A.T D22'!$A:$A,$A10)+SUMIFS('A.T D37'!V:V,'A.T D37'!$A:$A,$A10)+SUMIFS('A.T D52'!V:V,'A.T D52'!$A:$A,$A10)+SUMIFS('A.T D67'!V:V,'A.T D67'!$A:$A,$A10) -> 12.11 | V10: =SUMIFS('A.T D0'!W:W,'A.T D0'!$A:$A,$A10)+SUMIFS('A.T D7'!W:W,'A.T D7'!$A:$A,$A10)+SUMIFS('A.T D22'!W:W,'A.T D22'!$A:$A,$A10)+SUMIFS('A.T D37'!W:W,'A.T D37'!$A:$A,$A10)+SUMIFS('A.T D52'!W:W,'A.T D52'!$A:$A,$A10)+SUMIFS('A.T D67'!W:W,'A.T D67'!$A:$A,$A10) -> -2.49 | W10: =SUMIFS('A.T D0'!X:X,'A.T D0'!$A:$A,$A10)+SUMIFS('A.T D7'!X:X,'A.T D7'!$A:$A,$A10)+SUMIFS('A.T D22'!X:X,'A.T D22'!$A:$A,$A10)+SUMIFS('A.T D37'!X:X,'A.T D37'!$A:$A,$A10)+SUMIFS('A.T D52'!X:X,'A.T D52'!$A:$A,$A10)+SUMIFS('A.T D67'!X:X,'A.T D67'!$A:$A,$A10) -> 115.63 | X10: =SUMIFS(TCH!J:J,TCH!$A:$A,$A10) -> 0 | Y10: =IF(X10=0,0,(X10*AVERAGEIFS($W:$W,$C:$C,$C10,$D:$D,$D10,$E:$E,$E10,$G:$G,$G10,$B:$B,_xlfn.MAXIFS($B:$B,$C:$C,$C10,$D:$D,$D10,$E:$E,$E10,$G:$G,$G10,$B:$B,"<>"&$B10)))/1000) -> 0 | Z10: =SUMIFS(TCH!M:M,TCH!$A:$A,$A10) -> 0 | AA10: =IF(Z10=0,0,(Z10*AVERAGEIFS($W:$W,$C:$C,$C10,$D:$D,$D10,$E:$E,$E10,$G:$G,$G10,$B:$B,_xlfn.MAXIFS($B:$B,$C:$C,$C10,$D:$D,$D10,$E:$E,$E10,$G:$G,$G10,$B:$B,"<>"&$B10)))/1000) -> 0 | AB10: =SUMIFS(TCH!P:P,TCH!$A:$A,$A10) -> 0 | AC10: =IF(AB10=0,0,(AB10*AVERAGEIFS($W:$W,$C:$C,$C10,$D:$D,$D10,$E:$E,$E10,$G:$G,$G10,$B:$B,_xlfn.MAXIFS($B:$B,$C:$C,$C10,$D:$D,$D10,$E:$E,$E10,$G:$G,$G10,$B:$B,"<>"&$B10)))/1000) -> 0 | AD10: =SUMIFS(TCH!S:S,TCH!$A:$A,$A10) -> 0 | AE10: =IF(AD10=0,0,(AD10*AVERAGEIFS($W:$W,$C:$C,$C10,$D:$D,$D10,$E:$E,$E10,$G:$G,$G10,$B:$B,_xlfn.MAXIFS($B:$B,$C:$C,$C10,$D:$D,$D10,$E:$E,$E10,$G:$G,$G10,$B:$B,"<>"&$B10)))/1000) -> 0 | AF10: =SUMIFS(TCH!V:V,TCH!$A:$A,$A10) -> 0 | AG10: =IF(AF10=0,0,(AF10*AVERAGEIFS($W:$W,$C:$C,$C10,$D:$D,$D10,$E:$E,$E10,$G:$G,$G10,$B:$B,_xlfn.MAXIFS($B:$B,$C:$C,$C10,$D:$D,$D10,$E:$E,$E10,$G:$G,$G10,$B:$B,"<>"&$B10)))/1000) -> 0 | AH10: =SUMIFS(TCH!Y:Y,TCH!$A:$A,$A10) -> 0 | AI10: =IF(AH10=0,0,(AH10*AVERAGEIFS($W:$W,$C:$C,$C10,$D:$D,$D10,$E:$E,$E10,$G:$G,$G10,$B:$B,_xlfn.MAXIFS($B:$B,$C:$C,$C10,$D:$D,$D10,$E:$E,$E10,$G:$G,$G10,$B:$B,"<>"&$B10)))/1000) -> 0 | AJ10: 0 | AK10: 0 | AL10: 0 | AM10: 0 | AN10: 0 | AO10: 0 | AP10: 0 | AQ10: 0 | AR10: 0 | AS10: 0 | AT10: 0 | AU10: 0 | AV10: 0 | AW10: 0 | AX10: 0 | AY10: 0 | AZ10: 0
A11: =B11&C11&D11&E11&F11&G11 -> 45733491B4R130 | B11: 45733 | C11: 49 | D11: 1 | E11: B4 | F11: R1 | G11: 30 | H11: =SUMIFS(Biometria!H:H,Biometria!$A:$A,$A11) -> 18 | I11: =SUMIFS(Biometria!I:I,Biometria!$A:$A,$A11) -> 18.056667 | J11: =SUMIFS(Biometria!J:J,Biometria!$A:$A,$A11) -> 0 | K11: =SUMIFS(Biometria!K:K,Biometria!$A:$A,$A11) -> 2.85 | L11: =SUMIFS(Biometria!L:L,Biometria!$A:$A,$A11) -> 0 | M11: =SUMIFS(Biometria!M:M,Biometria!$A:$A,$A11) -> 0 | N11: =SUMIFS('A.T D0'!O:O,'A.T D0'!$A:$A,$A11)+SUMIFS('A.T D7'!O:O,'A.T D7'!$A:$A,$A11)+SUMIFS('A.T D22'!O:O,'A.T D22'!$A:$A,$A11)+SUMIFS('A.T D37'!O:O,'A.T D37'!$A:$A,$A11)+SUMIFS('A.T D52'!O:O,'A.T D52'!$A:$A,$A11)+SUMIFS('A.T D67'!O:O,'A.T D67'!$A:$A,$A11) -> 5.2 | O11: =SUMIFS('A.T D0'!P:P,'A.T D0'!$A:$A,$A11)+SUMIFS('A.T D7'!P:P,'A.T D7'!$A:$A,$A11)+SUMIFS('A.T D22'!P:P,'A.T D22'!$A:$A,$A11)+SUMIFS('A.T D37'!P:P,'A.T D37'!$A:$A,$A11)+SUMIFS('A.T D52'!P:P,'A.T D52'!$A:$A,$A11)+SUMIFS('A.T D67'!P:P,'A.T D67'!$A:$A,$A11) -> 17.11 | P11: =SUMIFS('A.T D0'!Q:Q,'A.T D0'!$A:$A,$A11)+SUMIFS('A.T D7'!Q:Q,'A.T D7'!$A:$A,$A11)+SUMIFS('A.T D22'!Q:Q,'A.T D22'!$A:$A,$A11)+SUMIFS('A.T D37'!Q:Q,'A.T D37'!$A:$A,$A11)+SUMIFS('A.T D52'!Q:Q,'A.T D52'!$A:$A,$A11)+SUMIFS('A.T D67'!Q:Q,'A.T D67'!$A:$A,$A11) -> 13.18 | Q11: =SUMIFS('A.T D0'!R:R,'A.T D0'!$A:$A,$A11)+SUMIFS('A.T D7'!R:R,'A.T D7'!$A:$A,$A11)+SUMIFS('A.T D22'!R:R,'A.T D22'!$A:$A,$A11)+SUMIFS('A.T D37'!R:R,'A.T D37'!$A:$A,$A11)+SUMIFS('A.T D52'!R:R,'A.T D52'!$A:$A,$A11)+SUMIFS('A.T D67'!R:R,'A.T D67'!$A:$A,$A11) -> 77.03 | R11: =SUMIFS('A.T D0'!S:S,'A.T D0'!$A:$A,$A11)+SUMIFS('A.T D7'!S:S,'A.T D7'!$A:$A,$A11)+SUMIFS('A.T D22'!S:S,'A.T D22'!$A:$A,$A11)+SUMIFS('A.T D37'!S:S,'A.T D37'!$A:$A,$A11)+SUMIFS('A.T D52'!S:S,'A.T D52'!$A:$A,$A11)+SUMIFS('A.T D67'!S:S,'A.T D67'!$A:$A,$A11) -> 1 | S11: =SUMIFS('A.T D0'!T:T,'A.T D0'!$A:$A,$A11)+SUMIFS('A.T D7'!T:T,'A.T D7'!$A:$A,$A11)+SUMIFS('A.T D22'!T:T,'A.T D22'!$A:$A,$A11)+SUMIFS('A.T D37'!T:T,'A.T D37'!$A:$A,$A11)+SUMIFS('A.T D52'!T:T,'A.T D52'!$A:$A,$A11)+SUMIFS('A.T D67'!T:T,'A.T D67'!$A:$A,$A11) -> 11.028 | T11: =SUMIFS('A.T D0'!U:U,'A.T D0'!$A:$A,$A11)+SUMIFS('A.T D7'!U:U,'A.T D7'!$A:$A,$A11)+SUMIFS('A.T D22'!U:U,'A.T D22'!$A:$A,$A11)+SUMIFS('A.T D37'!U:U,'A.T D37'!$A:$A,$A11)+SUMIFS('A.T D52'!U:U,'A.T D52'!$A:$A,$A11)+SUMIFS('A.T D67'!U:U,'A.T D67'!$A:$A,$A11) -> 0.84 | U11: =SUMIFS('A.T D0'!V:V,'A.T D0'!$A:$A,$A11)+SUMIFS('A.T D7'!V:V,'A.T D7'!$A:$A,$A11)+SUMIFS('A.T D22'!V:V,'A.T D22'!$A:$A,$A11)+SUMIFS('A.T D37'!V:V,'A.T D37'!$A:$A,$A11)+SUMIFS('A.T D52'!V:V,'A.T D52'!$A:$A,$A11)+SUMIFS('A.T D67'!V:V,'A.T D67'!$A:$A,$A11) -> 12.69 | V11: =SUMIFS('A.T D0'!W:W,'A.T D0'!$A:$A,$A11)+SUMIFS('A.T D7'!W:W,'A.T D7'!$A:$A,$A11)+SUMIFS('A.T D22'!W:W,'A.T D22'!$A:$A,$A11)+SUMIFS('A.T D37'!W:W,'A.T D37'!$A:$A,$A11)+SUMIFS('A.T D52'!W:W,'A.T D52'!$A:$A,$A11)+SUMIFS('A.T D67'!W:W,'A.T D67'!$A:$A,$A11) -> -3.95 | W11: =SUMIFS('A.T D0'!X:X,'A.T D0'!$A:$A,$A11)+SUMIFS('A.T D7'!X:X,'A.T D7'!$A:$A,$A11)+SUMIFS('A.T D22'!X:X,'A.T D22'!$A:$A,$A11)+SUMIFS('A.T D37'!X:X,'A.T D37'!$A:$A,$A11)+SUMIFS('A.T D52'!X:X,'A.T D52'!$A:$A,$A11)+SUMIFS('A.T D67'!X:X,'A.T D67'!$A:$A,$A11) -> 113.9 | X11: =SUMIFS(TCH!J:J,TCH!$A:$A,$A11) -> 0 | Y11: =IF(X11=0,0,(X11*AVERAGEIFS($W:$W,$C:$C,$C11,$D:$D,$D11,$E:$E,$E11,$G:$G,$G11,$B:$B,_xlfn.MAXIFS($B:$B,$C:$C,$C11,$D:$D,$D11,$E:$E,$E11,$G:$G,$G11,$B:$B,"<>"&$B11)))/1000) -> 0 | Z11: =SUMIFS(TCH!M:M,TCH!$A:$A,$A11) -> 0 | AA11: =IF(Z11=0,0,(Z11*AVERAGEIFS($W:$W,$C:$C,$C11,$D:$D,$D11,$E:$E,$E11,$G:$G,$G11,$B:$B,_xlfn.MAXIFS($B:$B,$C:$C,$C11,$D:$D,$D11,$E:$E,$E11,$G:$G,$G11,$B:$B,"<>"&$B11)))/1000) -> 0 | AB11: =SUMIFS(TCH!P:P,TCH!$A:$A,$A11) -> 0 | AC11: =IF(AB11=0,0,(AB11*AVERAGEIFS($W:$W,$C:$C,$C11,$D:$D,$D11,$E:$E,$E11,$G:$G,$G11,$B:$B,_xlfn.MAXIFS($B:$B,$C:$C,$C11,$D:$D,$D11,$E:$E,$E11,$G:$G,$G11,$B:$B,"<>"&$B11)))/1000) -> 0 | AD11: =SUMIFS(TCH!S:S,TCH!$A:$A,$A11) -> 0 | AE11: =IF(AD11=0,0,(AD11*AVERAGEIFS($W:$W,$C:$C,$C11,$D:$D,$D11,$E:$E,$E11,$G:$G,$G11,$B:$B,_xlfn.MAXIFS($B:$B,$C:$C,$C11,$D:$D,$D11,$E:$E,$E11,$G:$G,$G11,$B:$B,"<>"&$B11)))/1000) -> 0 | AF11: =SUMIFS(TCH!V:V,TCH!$A:$A,$A11) -> 0 | AG11: =IF(AF11=0,0,(AF11*AVERAGEIFS($W:$W,$C:$C,$C11,$D:$D,$D11,$E:$E,$E11,$G:$G,$G11,$B:$B,_xlfn.MAXIFS($B:$B,$C:$C,$C11,$D:$D,$D11,$E:$E,$E11,$G:$G,$G11,$B:$B,"<>"&$B11)))/1000) -> 0 | AH11: =SUMIFS(TCH!Y:Y,TCH!$A:$A,$A11) -> 0 | AI11: =IF(AH11=0,0,(AH11*AVERAGEIFS($W:$W,$C:$C,$C11,$D:$D,$D11,$E:$E,$E11,$G:$G,$G11,$B:$B,_xlfn.MAXIFS($B:$B,$C:$C,$C11,$D:$D,$D11,$E:$E,$E11,$G:$G,$G11,$B:$B,"<>"&$B11)))/1000) -> 0 | AJ11: 0 | AK11: 0 | AL11: 0 | AM11: 0 | AN11: 0 | AO11: 0 | AP11: 0 | AQ11: 0 | AR11: 0 | AS11: 0 | AT11: 0 | AU11: 0 | AV11: 0 | AW11: 0 | AX11: 0 | AY11: 0 | AZ11: 0
A12: =B12&C12&D12&E12&F12&G12 -> 45733491B4R230 | B12: 45733 | C12: 49 | D12: 1 | E12: B4 | F12: R2 | G12: 30 | H12: =SUMIFS(Biometria!H:H,Biometria!$A:$A,$A12) -> 18.16 | I12: =SUMIFS(Biometria!I:I,Biometria!$A:$A,$A12) -> 0 | J12: =SUMIFS(Biometria!J:J,Biometria!$A:$A,$A12) -> 0 | K12: =SUMIFS(Biometria!K:K,Biometria!$A:$A,$A12) -> 0 | L12: =SUMIFS(Biometria!L:L,Biometria!$A:$A,$A12) -> 0 | M12: =SUMIFS(Biometria!M:M,Biometria!$A:$A,$A12) -> 0 | N12: =SUMIFS('A.T D0'!O:O,'A.T D0'!$A:$A,$A12)+SUMIFS('A.T D7'!O:O,'A.T D7'!$A:$A,$A12)+SUMIFS('A.T D22'!O:O,'A.T D22'!$A:$A,$A12)+SUMIFS('A.T D37'!O:O,'A.T D37'!$A:$A,$A12)+SUMIFS('A.T D52'!O:O,'A.T D52'!$A:$A,$A12)+SUMIFS('A.T D67'!O:O,'A.T D67'!$A:$A,$A12) -> 5.2 | O12: =SUMIFS('A.T D0'!P:P,'A.T D0'!$A:$A,$A12)+SUMIFS('A.T D7'!P:P,'A.T D7'!$A:$A,$A12)+SUMIFS('A.T D22'!P:P,'A.T D22'!$A:$A,$A12)+SUMIFS('A.T D37'!P:P,'A.T D37'!$A:$A,$A12)+SUMIFS('A.T D52'!P:P,'A.T D52'!$A:$A,$A12)+SUMIFS('A.T D67'!P:P,'A.T D67'!$A:$A,$A12) -> 17.16 | P12: =SUMIFS('A.T D0'!Q:Q,'A.T D0'!$A:$A,$A12)+SUMIFS('A.T D7'!Q:Q,'A.T D7'!$A:$A,$A12)+SUMIFS('A.T D22'!Q:Q,'A.T D22'!$A:$A,$A12)+SUMIFS('A.T D37'!Q:Q,'A.T D37'!$A:$A,$A12)+SUMIFS('A.T D52'!Q:Q,'A.T D52'!$A:$A,$A12)+SUMIFS('A.T D67'!Q:Q,'A.T D67'!$A:$A,$A12) -> 13.08 | Q12: =SUMIFS('A.T D0'!R:R,'A.T D0'!$A:$A,$A12)+SUMIFS('A.T D7'!R:R,'A.T D7'!$A:$A,$A12)+SUMIFS('A.T D22'!R:R,'A.T D22'!$A:$A,$A12)+SUMIFS('A.T D37'!R:R,'A.T D37'!$A:$A,$A12)+SUMIFS('A.T D52'!R:R,'A.T D52'!$A:$A,$A12)+SUMIFS('A.T D67'!R:R,'A.T D67'!$A:$A,$A12) -> 76.22 | R12: =SUMIFS('A.T D0'!S:S,'A.T D0'!$A:$A,$A12)+SUMIFS('A.T D7'!S:S,'A.T D7'!$A:$A,$A12)+SUMIFS('A.T D22'!S:S,'A.T D22'!$A:$A,$A12)+SUMIFS('A.T D37'!S:S,'A.T D37'!$A:$A,$A12)+SUMIFS('A.T D52'!S:S,'A.T D52'!$A:$A,$A12)+SUMIFS('A.T D67'!S:S,'A.T D67'!$A:$A,$A12) -> 1.03 | S12: =SUMIFS('A.T D0'!T:T,'A.T D0'!$A:$A,$A12)+SUMIFS('A.T D7'!T:T,'A.T D7'!$A:$A,$A12)+SUMIFS('A.T D22'!T:T,'A.T D22'!$A:$A,$A12)+SUMIFS('A.T D37'!T:T,'A.T D37'!$A:$A,$A12)+SUMIFS('A.T D52'!T:T,'A.T D52'!$A:$A,$A12)+SUMIFS('A.T D67'!T:T,'A.T D67'!$A:$A,$A12) -> 10.929 | T12: =SUMIFS('A.T D0'!U:U,'A.T D0'!$A:$A,$A12)+SUMIFS('A.T D7'!U:U,'A.T D7'!$A:$A,$A12)+SUMIFS('A.T D22'!U:U,'A.T D22'!$A:$A,$A12)+SUMIFS('A.T D37'!U:U,'A.T D37'!$A:$A,$A12)+SUMIFS('A.T D52'!U:U,'A.T D52'!$A:$A,$A12)+SUMIFS('A.T D67'!U:U,'A.T D67'!$A:$A,$A12) -> 0.86 | U12: =SUMIFS('A.T D0'!V:V,'A.T D0'!$A:$A,$A12)+SUMIFS('A.T D7'!V:V,'A.T D7'!$A:$A,$A12)+SUMIFS('A.T D22'!V:V,'A.T D22'!$A:$A,$A12)+SUMIFS('A.T D37'!V:V,'A.T D37'!$A:$A,$A12)+SUMIFS('A.T D52'!V:V,'A.T D52'!$A:$A,$A12)+SUMIFS('A.T D67'!V:V,'A.T D67'!$A:$A,$A12) -> 12.77 | V12: =SUMIFS('A.T D0'!W:W,'A.T D0'!$A:$A,$A12)+SUMIFS('A.T D7'!W:W,'A.T D7'!$A:$A,$A12)+SUMIFS('A.T D22'!W:W,'A.T D22'!$A:$A,$A12)+SUMIFS('A.T D37'!W:W,'A.T D37'!$A:$A,$A12)+SUMIFS('A.T D52'!W:W,'A.T D52'!$A:$A,$A12)+SUMIFS('A.T D67'!W:W,'A.T D67'!$A:$A,$A12) -> -4.6 | W12: =SUMIFS('A.T D0'!X:X,'A.T D0'!$A:$A,$A12)+SUMIFS('A.T D7'!X:X,'A.T D7'!$A:$A,$A12)+SUMIFS('A.T D22'!X:X,'A.T D22'!$A:$A,$A12)+SUMIFS('A.T D37'!X:X,'A.T D37'!$A:$A,$A12)+SUMIFS('A.T D52'!X:X,'A.T D52'!$A:$A,$A12)+SUMIFS('A.T D67'!X:X,'A.T D67'!$A:$A,$A12) -> 113.13 | X12: =SUMIFS(TCH!J:J,TCH!$A:$A,$A12) -> 0 | Y12: =IF(X12=0,0,(X12*AVERAGEIFS($W:$W,$C:$C,$C12,$D:$D,$D12,$E:$E,$E12,$G:$G,$G12,$B:$B,_xlfn.MAXIFS($B:$B,$C:$C,$C12,$D:$D,$D12,$E:$E,$E12,$G:$G,$G12,$B:$B,"<>"&$B12)))/1000) -> 0 | Z12: =SUMIFS(TCH!M:M,TCH!$A:$A,$A12) -> 0 | AA12: =IF(Z12=0,0,(Z12*AVERAGEIFS($W:$W,$C:$C,$C12,$D:$D,$D12,$E:$E,$E12,$G:$G,$G12,$B:$B,_xlfn.MAXIFS($B:$B,$C:$C,$C12,$D:$D,$D12,$E:$E,$E12,$G:$G,$G12,$B:$B,"<>"&$B12)))/1000) -> 0 | AB12: =SUMIFS(TCH!P:P,TCH!$A:$A,$A12) -> 0 | AC12: =IF(AB12=0,0,(AB12*AVERAGEIFS($W:$W,$C:$C,$C12,$D:$D,$D12,$E:$E,$E12,$G:$G,$G12,$B:$B,_xlfn.MAXIFS($B:$B,$C:$C,$C12,$D:$D,$D12,$E:$E,$E12,$G:$G,$G12,$B:$B,"<>"&$B12)))/1000) -> 0 | AD12: =SUMIFS(TCH!S:S,TCH!$A:$A,$A12) -> 0 | AE12: =IF(AD12=0,0,(AD12*AVERAGEIFS($W:$W,$C:$C,$C12,$D:$D,$D12,$E:$E,$E12,$G:$G,$G12,$B:$B,_xlfn.MAXIFS($B:$B,$C:$C,$C12,$D:$D,$D12,$E:$E,$E12,$G:$G,$G12,$B:$B,"<>"&$B12)))/1000) -> 0 | AF12: =SUMIFS(TCH!V:V,TCH!$A:$A,$A12) -> 0 | AG12: =IF(AF12=0,0,(AF12*AVERAGEIFS($W:$W,$C:$C,$C12,$D:$D,$D12,$E:$E,$E12,$G:$G,$G12,$B:$B,_xlfn.MAXIFS($B:$B,$C:$C,$C12,$D:$D,$D12,$E:$E,$E12,$G:$G,$G12,$B:$B,"<>"&$B12)))/1000) -> 0 | AH12: =SUMIFS(TCH!Y:Y,TCH!$A:$A,$A12) -> 0 | AI12: =IF(AH12=0,0,(AH12*AVERAGEIFS($W:$W,$C:$C,$C12,$D:$D,$D12,$E:$E,$E12,$G:$G,$G12,$B:$B,_xlfn.MAXIFS($B:$B,$C:$C,$C12,$D:$D,$D12,$E:$E,$E12,$G:$G,$G12,$B:$B,"<>"&$B12)))/1000) -> 0 | AJ12: 0 | AK12: 0 | AL12: 0 | AM12: 0 | AN12: 0 | AO12: 0 | AP12: 0 | AQ12: 0 | AR12: 0 | AS12: 0 | AT12: 0 | AU12: 0 | AV12: 0 | AW12: 0 | AX12: 0 | AY12: 0 | AZ12: 0
A13: =B13&C13&D13&E13&F13&G13 -> 45733491B4R330 | B13: 45733 | C13: 49 | D13: 1 | E13: B4 | F13: R3 | G13: 30 | H13: =SUMIFS(Biometria!H:H,Biometria!$A:$A,$A13) -> 18.01 | I13: =SUMIFS(Biometria!I:I,Biometria!$A:$A,$A13) -> 0 | J13: =SUMIFS(Biometria!J:J,Biometria!$A:$A,$A13) -> 0 | K13: =SUMIFS(Biometria!K:K,Biometria!$A:$A,$A13) -> 0 | L13: =SUMIFS(Biometria!L:L,Biometria!$A:$A,$A13) -> 0 | M13: =SUMIFS(Biometria!M:M,Biometria!$A:$A,$A13) -> 0 | N13: =SUMIFS('A.T D0'!O:O,'A.T D0'!$A:$A,$A13)+SUMIFS('A.T D7'!O:O,'A.T D7'!$A:$A,$A13)+SUMIFS('A.T D22'!O:O,'A.T D22'!$A:$A,$A13)+SUMIFS('A.T D37'!O:O,'A.T D37'!$A:$A,$A13)+SUMIFS('A.T D52'!O:O,'A.T D52'!$A:$A,$A13)+SUMIFS('A.T D67'!O:O,'A.T D67'!$A:$A,$A13) -> 5.2 | O13: =SUMIFS('A.T D0'!P:P,'A.T D0'!$A:$A,$A13)+SUMIFS('A.T D7'!P:P,'A.T D7'!$A:$A,$A13)+SUMIFS('A.T D22'!P:P,'A.T D22'!$A:$A,$A13)+SUMIFS('A.T D37'!P:P,'A.T D37'!$A:$A,$A13)+SUMIFS('A.T D52'!P:P,'A.T D52'!$A:$A,$A13)+SUMIFS('A.T D67'!P:P,'A.T D67'!$A:$A,$A13) -> 17.15 | P13: =SUMIFS('A.T D0'!Q:Q,'A.T D0'!$A:$A,$A13)+SUMIFS('A.T D7'!Q:Q,'A.T D7'!$A:$A,$A13)+SUMIFS('A.T D22'!Q:Q,'A.T D22'!$A:$A,$A13)+SUMIFS('A.T D37'!Q:Q,'A.T D37'!$A:$A,$A13)+SUMIFS('A.T D52'!Q:Q,'A.T D52'!$A:$A,$A13)+SUMIFS('A.T D67'!Q:Q,'A.T D67'!$A:$A,$A13) -> 13.32 | Q13: =SUMIFS('A.T D0'!R:R,'A.T D0'!$A:$A,$A13)+SUMIFS('A.T D7'!R:R,'A.T D7'!$A:$A,$A13)+SUMIFS('A.T D22'!R:R,'A.T D22'!$A:$A,$A13)+SUMIFS('A.T D37'!R:R,'A.T D37'!$A:$A,$A13)+SUMIFS('A.T D52'!R:R,'A.T D52'!$A:$A,$A13)+SUMIFS('A.T D67'!R:R,'A.T D67'!$A:$A,$A13) -> 77.67 | R13: =SUMIFS('A.T D0'!S:S,'A.T D0'!$A:$A,$A13)+SUMIFS('A.T D7'!S:S,'A.T D7'!$A:$A,$A13)+SUMIFS('A.T D22'!S:S,'A.T D22'!$A:$A,$A13)+SUMIFS('A.T D37'!S:S,'A.T D37'!$A:$A,$A13)+SUMIFS('A.T D52'!S:S,'A.T D52'!$A:$A,$A13)+SUMIFS('A.T D67'!S:S,'A.T D67'!$A:$A,$A13) -> 0.98 | S13: =SUMIFS('A.T D0'!T:T,'A.T D0'!$A:$A,$A13)+SUMIFS('A.T D7'!T:T,'A.T D7'!$A:$A,$A13)+SUMIFS('A.T D22'!T:T,'A.T D22'!$A:$A,$A13)+SUMIFS('A.T D37'!T:T,'A.T D37'!$A:$A,$A13)+SUMIFS('A.T D52'!T:T,'A.T D52'!$A:$A,$A13)+SUMIFS('A.T D67'!T:T,'A.T D67'!$A:$A,$A13) -> 11.1315 | T13: =SUMIFS('A.T D0'!U:U,'A.T D0'!$A:$A,$A13)+SUMIFS('A.T D7'!U:U,'A.T D7'!$A:$A,$A13)+SUMIFS('A.T D22'!U:U,'A.T D22'!$A:$A,$A13)+SUMIFS('A.T D37'!U:U,'A.T D37'!$A:$A,$A13)+SUMIFS('A.T D52'!U:U,'A.T D52'!$A:$A,$A13)+SUMIFS('A.T D67'!U:U,'A.T D67'!$A:$A,$A13) -> 0.82 | U13: =SUMIFS('A.T D0'!V:V,'A.T D0'!$A:$A,$A13)+SUMIFS('A.T D7'!V:V,'A.T D7'!$A:$A,$A13)+SUMIFS('A.T D22'!V:V,'A.T D22'!$A:$A,$A13)+SUMIFS('A.T D37'!V:V,'A.T D37'!$A:$A,$A13)+SUMIFS('A.T D52'!V:V,'A.T D52'!$A:$A,$A13)+SUMIFS('A.T D67'!V:V,'A.T D67'!$A:$A,$A13) -> 12.76 | V13: =SUMIFS('A.T D0'!W:W,'A.T D0'!$A:$A,$A13)+SUMIFS('A.T D7'!W:W,'A.T D7'!$A:$A,$A13)+SUMIFS('A.T D22'!W:W,'A.T D22'!$A:$A,$A13)+SUMIFS('A.T D37'!W:W,'A.T D37'!$A:$A,$A13)+SUMIFS('A.T D52'!W:W,'A.T D52'!$A:$A,$A13)+SUMIFS('A.T D67'!W:W,'A.T D67'!$A:$A,$A13) -> -3.26 | W13: =SUMIFS('A.T D0'!X:X,'A.T D0'!$A:$A,$A13)+SUMIFS('A.T D7'!X:X,'A.T D7'!$A:$A,$A13)+SUMIFS('A.T D22'!X:X,'A.T D22'!$A:$A,$A13)+SUMIFS('A.T D37'!X:X,'A.T D37'!$A:$A,$A13)+SUMIFS('A.T D52'!X:X,'A.T D52'!$A:$A,$A13)+SUMIFS('A.T D67'!X:X,'A.T D67'!$A:$A,$A13) -> 114.72 | X13: =SUMIFS(TCH!J:J,TCH!$A:$A,$A13) -> 0 | Y13: =IF(X13=0,0,(X13*AVERAGEIFS($W:$W,$C:$C,$C13,$D:$D,$D13,$E:$E,$E13,$G:$G,$G13,$B:$B,_xlfn.MAXIFS($B:$B,$C:$C,$C13,$D:$D,$D13,$E:$E,$E13,$G:$G,$G13,$B:$B,"<>"&$B13)))/1000) -> 0 | Z13: =SUMIFS(TCH!M:M,TCH!$A:$A,$A13) -> 0 | AA13: =IF(Z13=0,0,(Z13*AVERAGEIFS($W:$W,$C:$C,$C13,$D:$D,$D13,$E:$E,$E13,$G:$G,$G13,$B:$B,_xlfn.MAXIFS($B:$B,$C:$C,$C13,$D:$D,$D13,$E:$E,$E13,$G:$G,$G13,$B:$B,"<>"&$B13)))/1000) -> 0 | AB13: =SUMIFS(TCH!P:P,TCH!$A:$A,$A13) -> 0 | AC13: =IF(AB13=0,0,(AB13*AVERAGEIFS($W:$W,$C:$C,$C13,$D:$D,$D13,$E:$E,$E13,$G:$G,$G13,$B:$B,_xlfn.MAXIFS($B:$B,$C:$C,$C13,$D:$D,$D13,$E:$E,$E13,$G:$G,$G13,$B:$B,"<>"&$B13)))/1000) -> 0 | AD13: =SUMIFS(TCH!S:S,TCH!$A:$A,$A13) -> 0 | AE13: =IF(AD13=0,0,(AD13*AVERAGEIFS($W:$W,$C:$C,$C13,$D:$D,$D13,$E:$E,$E13,$G:$G,$G13,$B:$B,_xlfn.MAXIFS($B:$B,$C:$C,$C13,$D:$D,$D13,$E:$E,$E13,$G:$G,$G13,$B:$B,"<>"&$B13)))/1000) -> 0 | AF13: =SUMIFS(TCH!V:V,TCH!$A:$A,$A13) -> 0 | AG13: =IF(AF13=0,0,(AF13*AVERAGEIFS($W:$W,$C:$C,$C13,$D:$D,$D13,$E:$E,$E13,$G:$G,$G13,$B:$B,_xlfn.MAXIFS($B:$B,$C:$C,$C13,$D:$D,$D13,$E:$E,$E13,$G:$G,$G13,$B:$B,"<>"&$B13)))/1000) -> 0 | AH13: =SUMIFS(TCH!Y:Y,TCH!$A:$A,$A13) -> 0 | AI13: =IF(AH13=0,0,(AH13*AVERAGEIFS($W:$W,$C:$C,$C13,$D:$D,$D13,$E:$E,$E13,$G:$G,$G13,$B:$B,_xlfn.MAXIFS($B:$B,$C:$C,$C13,$D:$D,$D13,$E:$E,$E13,$G:$G,$G13,$B:$B,"<>"&$B13)))/1000) -> 0 | AJ13: 0 | AK13: 0 | AL13: 0 | AM13: 0 | AN13: 0 | AO13: 0 | AP13: 0 | AQ13: 0 | AR13: 0 | AS13: 0 | AT13: 0 | AU13: 0 | AV13: 0 | AW13: 0 | AX13: 0 | AY13: 0 | AZ13: 0
... A1217: =B1217&C1217&D1217&E1217&F1217&G1217 -> 458221466B4R464 | B1217: 45822 | C1217: 146 | D1217: 6 | E1217: B4 | F1217: R4 | G1217: 64 | H1217: =SUMIFS(Biometria!H:H,Biometria!$A:$A,$A1217) -> 0 | I1217: =SUMIFS(Biometria!I:I,Biometria!$A:$A,$A1217) -> 0 | J1217: =SUMIFS(Biometria!J:J,Biometria!$A:$A,$A1217) -> 0 | K1217: =SUMIFS(Biometria!K:K,Biometria!$A:$A,$A1217) -> 0 | L1217: =SUMIFS(Biometria!L:L,Biometria!$A:$A,$A1217) -> 0 | M1217: =SUMIFS(Biometria!M:M,Biometria!$A:$A,$A1217) -> 0 | N1217: =SUMIFS('A.T D0'!O:O,'A.T D0'!$A:$A,$A1217)+SUMIFS('A.T D7'!O:O,'A.T D7'!$A:$A,$A1217)+SUMIFS('A.T D22'!O:O,'A.T D22'!$A:$A,$A1217)+SUMIFS('A.T D37'!O:O,'A.T D37'!$A:$A,$A1217)+SUMIFS('A.T D52'!O:O,'A.T D52'!$A:$A,$A1217)+SUMIFS('A.T D67'!O:O,'A.T D67'!$A:$A,$A1217) -> 0 | O1217: =SUMIFS('A.T D0'!P:P,'A.T D0'!$A:$A,$A1217)+SUMIFS('A.T D7'!P:P,'A.T D7'!$A:$A,$A1217)+SUMIFS('A.T D22'!P:P,'A.T D22'!$A:$A,$A1217)+SUMIFS('A.T D37'!P:P,'A.T D37'!$A:$A,$A1217)+SUMIFS('A.T D52'!P:P,'A.T D52'!$A:$A,$A1217)+SUMIFS('A.T D67'!P:P,'A.T D67'!$A:$A,$A1217) -> 0 | P1217: =SUMIFS('A.T D0'!Q:Q,'A.T D0'!$A:$A,$A1217)+SUMIFS('A.T D7'!Q:Q,'A.T D7'!$A:$A,$A1217)+SUMIFS('A.T D22'!Q:Q,'A.T D22'!$A:$A,$A1217)+SUMIFS('A.T D37'!Q:Q,'A.T D37'!$A:$A,$A1217)+SUMIFS('A.T D52'!Q:Q,'A.T D52'!$A:$A,$A1217)+SUMIFS('A.T D67'!Q:Q,'A.T D67'!$A:$A,$A1217) -> 0 | Q1217: =SUMIFS('A.T D0'!R:R,'A.T D0'!$A:$A,$A1217)+SUMIFS('A.T D7'!R:R,'A.T D7'!$A:$A,$A1217)+SUMIFS('A.T D22'!R:R,'A.T D22'!$A:$A,$A1217)+SUMIFS('A.T D37'!R:R,'A.T D37'!$A:$A,$A1217)+SUMIFS('A.T D52'!R:R,'A.T D52'!$A:$A,$A1217)+SUMIFS('A.T D67'!R:R,'A.T D67'!$A:$A,$A1217) -> 0 | R1217: =SUMIFS('A.T D0'!S:S,'A.T D0'!$A:$A,$A1217)+SUMIFS('A.T D7'!S:S,'A.T D7'!$A:$A,$A1217)+SUMIFS('A.T D22'!S:S,'A.T D22'!$A:$A,$A1217)+SUMIFS('A.T D37'!S:S,'A.T D37'!$A:$A,$A1217)+SUMIFS('A.T D52'!S:S,'A.T D52'!$A:$A,$A1217)+SUMIFS('A.T D67'!S:S,'A.T D67'!$A:$A,$A1217) -> 0 | S1217: =SUMIFS('A.T D0'!T:T,'A.T D0'!$A:$A,$A1217)+SUMIFS('A.T D7'!T:T,'A.T D7'!$A:$A,$A1217)+SUMIFS('A.T D22'!T:T,'A.T D22'!$A:$A,$A1217)+SUMIFS('A.T D37'!T:T,'A.T D37'!$A:$A,$A1217)+SUMIFS('A.T D52'!T:T,'A.T D52'!$A:$A,$A1217)+SUMIFS('A.T D67'!T:T,'A.T D67'!$A:$A,$A1217) -> 0 | T1217: =SUMIFS('A.T D0'!U:U,'A.T D0'!$A:$A,$A1217)+SUMIFS('A.T D7'!U:U,'A.T D7'!$A:$A,$A1217)+SUMIFS('A.T D22'!U:U,'A.T D22'!$A:$A,$A1217)+SUMIFS('A.T D37'!U:U,'A.T D37'!$A:$A,$A1217)+SUMIFS('A.T D52'!U:U,'A.T D52'!$A:$A,$A1217)+SUMIFS('A.T D67'!U:U,'A.T D67'!$A:$A,$A1217) -> 0 | U1217: =SUMIFS('A.T D0'!V:V,'A.T D0'!$A:$A,$A1217)+SUMIFS('A.T D7'!V:V,'A.T D7'!$A:$A,$A1217)+SUMIFS('A.T D22'!V:V,'A.T D22'!$A:$A,$A1217)+SUMIFS('A.T D37'!V:V,'A.T D37'!$A:$A,$A1217)+SUMIFS('A.T D52'!V:V,'A.T D52'!$A:$A,$A1217)+SUMIFS('A.T D67'!V:V,'A.T D67'!$A:$A,$A1217) -> 0 | V1217: =SUMIFS('A.T D0'!W:W,'A.T D0'!$A:$A,$A1217)+SUMIFS('A.T D7'!W:W,'A.T D7'!$A:$A,$A1217)+SUMIFS('A.T D22'!W:W,'A.T D22'!$A:$A,$A1217)+SUMIFS('A.T D37'!W:W,'A.T D37'!$A:$A,$A1217)+SUMIFS('A.T D52'!W:W,'A.T D52'!$A:$A,$A1217)+SUMIFS('A.T D67'!W:W,'A.T D67'!$A:$A,$A1217) -> 0 | W1217: =SUMIFS('A.T D0'!X:X,'A.T D0'!$A:$A,$A1217)+SUMIFS('A.T D7'!X:X,'A.T D7'!$A:$A,$A1217)+SUMIFS('A.T D22'!X:X,'A.T D22'!$A:$A,$A1217)+SUMIFS('A.T D37'!X:X,'A.T D37'!$A:$A,$A1217)+SUMIFS('A.T D52'!X:X,'A.T D52'!$A:$A,$A1217)+SUMIFS('A.T D67'!X:X,'A.T D67'!$A:$A,$A1217) -> 0 | X1217: =SUMIFS(TCH!J:J,TCH!$A:$A,$A1217) -> 120.006 | Y1217: =IF(X1217=0,0,(X1217*AVERAGEIFS($W:$W,$C:$C,$C1217,$D:$D,$D1217,$E:$E,$E1217,$G:$G,$G1217,$B:$B,_xlfn.MAXIFS($B:$B,$C:$C,$C1217,$D:$D,$D1217,$E:$E,$E1217,$G:$G,$G1217,$B:$B,"<>"&$B1217)))/1000) -> 17.832492 | Z1217: =SUMIFS(TCH!M:M,TCH!$A:$A,$A1217) -> 128.10164 | AA1217: =IF(Z1217=0,0,(Z1217*AVERAGEIFS($W:$W,$C:$C,$C1217,$D:$D,$D1217,$E:$E,$E1217,$G:$G,$G1217,$B:$B,_xlfn.MAXIFS($B:$B,$C:$C,$C1217,$D:$D,$D1217,$E:$E,$E1217,$G:$G,$G1217,$B:$B,"<>"&$B1217)))/1000) -> 19.035477 | AB1217: =SUMIFS(TCH!P:P,TCH!$A:$A,$A1217) -> 116.04874 | AC1217: =IF(AB1217=0,0,(AB1217*AVERAGEIFS($W:$W,$C:$C,$C1217,$D:$D,$D1217,$E:$E,$E1217,$G:$G,$G1217,$B:$B,_xlfn.MAXIFS($B:$B,$C:$C,$C1217,$D:$D,$D1217,$E:$E,$E1217,$G:$G,$G1217,$B:$B,"<>"&$B1217)))/1000) -> 17.244456 | AD1217: =SUMIFS(TCH!S:S,TCH!$A:$A,$A1217) -> 90.956929 | AE1217: =IF(AD1217=0,0,(AD1217*AVERAGEIFS($W:$W,$C:$C,$C1217,$D:$D,$D1217,$E:$E,$E1217,$G:$G,$G1217,$B:$B,_xlfn.MAXIFS($B:$B,$C:$C,$C1217,$D:$D,$D1217,$E:$E,$E1217,$G:$G,$G1217,$B:$B,"<>"&$B1217)))/1000) -> 13.515896 | AF1217: =SUMIFS(TCH!V:V,TCH!$A:$A,$A1217) -> 121.91086 | AG1217: =IF(AF1217=0,0,(AF1217*AVERAGEIFS($W:$W,$C:$C,$C1217,$D:$D,$D1217,$E:$E,$E1217,$G:$G,$G1217,$B:$B,_xlfn.MAXIFS($B:$B,$C:$C,$C1217,$D:$D,$D1217,$E:$E,$E1217,$G:$G,$G1217,$B:$B,"<>"&$B1217)))/1000) -> 18.115547 | AH1217: =SUMIFS(TCH!Y:Y,TCH!$A:$A,$A1217) -> 119.13936 | AI1217: =IF(AH1217=0,0,(AH1217*AVERAGEIFS($W:$W,$C:$C,$C1217,$D:$D,$D1217,$E:$E,$E1217,$G:$G,$G1217,$B:$B,_xlfn.MAXIFS($B:$B,$C:$C,$C1217,$D:$D,$D1217,$E:$E,$E1217,$G:$G,$G1217,$B:$B,"<>"&$B1217)))/1000) -> 17.703711 | AJ1217: 0 | AK1217: 0 | AL1217: 0 | AM1217: 0 | AN1217: 0 | AO1217: 0 | AP1217: 0 | AQ1217: 0 | AR1217: 0 | AS1217: 0 | AT1217: 0 | AU1217: 0 | AV1217: 0 | AW1217: 0 | AX1217: 0 | AY1217: 0 | AZ1217: 0
A1218: 45733491B1 | B1218: 45733 | C1218: 49 | D1218: 1 | E1218: B1 | H1218: 0 | I1218: 0 | J1218: 0 | K1218: 0 | L1218: 0 | M1218: 0 | N1218: 0 | O1218: 0 | P1218: 0 | Q1218: 0 | R1218: 0 | S1218: 0 | T1218: 0 | U1218: 0 | V1218: 0 | W1218: 0 | X1218: 0 | Y1218: 0 | Z1218: 0 | AA1218: 0 | AB1218: 0 | AC1218: 0 | AD1218: 0 | AE1218: 0 | AF1218: 0 | AG1218: 0 | AH1218: 0 | AI1218: 0 | AJ1218: 16.916631 | AK1218: 0.15515837 | AL1218: 155.284 | AM1218: 3.184525 | AN1218: 5.3121364 | AO1218: 0.10893995 | AP1218: 110.45903 | AQ1218: 0.48918845 | AR1218: 0.19763062 | AS1218: 0.33222883 | AT1218: 1.9576691 | AU1218: 2.5954325 | AV1218: 33.364658 | AW1218: 0 | AX1218: 0 | AY1218: 0 | AZ1218: 0
A1219: 45733491B2 | B1219: 45733 | C1219: 49 | D1219: 1 | E1219: B2 | H1219: 0 | I1219: 0 | J1219: 0 | K1219: 0 | L1219: 0 | M1219: 0 | N1219: 0 | O1219: 0 | P1219: 0 | Q1219: 0 | R1219: 0 | S1219: 0 | T1219: 0 | U1219: 0 | V1219: 0 | W1219: 0 | X1219: 0 | Y1219: 0 | Z1219: 0 | AA1219: 0 | AB1219: 0 | AC1219: 0 | AD1219: 0 | AE1219: 0 | AF1219: 0 | AG1219: 0 | AH1219: 0 | AI1219: 0 | AJ1219: 18.582026 | AK1219: 0.13418057 | AL1219: 154.76283 | AM1219: 3.7230829 | AN1219: 4.9910319 | AO1219: 0.12006776 | AP1219: 126.01205 | AQ1219: 0.59189118 | AR1219: 0.17018413 | AS1219: 0.34442103 | AT1219: 2.4503269 | AU1219: 2.2801746 | AV1219: 32.323837 | AW1219: 0 | AX1219: 0 | AY1219: 0 | AZ1219: 0
A1220: 45733491B3 | B1220: 45733 | C1220: 49 | D1220: 1 | E1220: B3 | H1220: 0 | I1220: 0 | J1220: 0 | K1220: 0 | L1220: 0 | M1220: 0 | N1220: 0 | O1220: 0 | P1220: 0 | Q1220: 0 | R1220: 0 | S1220: 0 | T1220: 0 | U1220: 0 | V1220: 0 | W1220: 0 | X1220: 0 | Y1220: 0 | Z1220: 0 | AA1220: 0 | AB1220: 0 | AC1220: 0 | AD1220: 0 | AE1220: 0 | AF1220: 0 | AG1220: 0 | AH1220: 0 | AI1220: 0 | AJ1220: 17.5684 | AK1220: 0.14480411 | AL1220: 161.77008 | AM1220: 3.221316 | AN1220: 5.4537958 | AO1220: 0.10860104 | AP1220: 126.26988 | AQ1220: 0.51418378 | AR1220: 0.17197069 | AS1220: 0.34555714 | AT1220: 2.0583915 | AU1220: 2.6396824 | AV1220: 33.563107 | AW1220: 0 | AX1220: 0 | AY1220: 0 | AZ1220: 0
A1221: 45733491B4 | B1221: 45733 | C1221: 49 | D1221: 1 | E1221: B4 | H1221: 0 | I1221: 0 | J1221: 0 | K1221: 0 | L1221: 0 | M1221: 0 | N1221: 0 | O1221: 0 | P1221: 0 | Q1221: 0 | R1221: 0 | S1221: 0 | T1221: 0 | U1221: 0 | V1221: 0 | W1221: 0 | X1221: 0 | Y1221: 0 | Z1221: 0 | AA1221: 0 | AB1221: 0 | AC1221: 0 | AD1221: 0 | AE1221: 0 | AF1221: 0 | AG1221: 0 | AH1221: 0 | AI1221: 0 | AJ1221: 17.23458 | AK1221: 0.15511607 | AL1221: 148.14238 | AM1221: 3.3033165 | AN1221: 5.2173564 | AO1221: 0.11633794 | AP1221: 137.19098 | AQ1221: 0.44988968 | AR1221: 0.17428339 | AS1221: 0.40052975 | AT1221: 1.8178172 | AU1221: 2.4814253 | AV1221: 33.075211 | AW1221: 0 | AX1221: 0 | AY1221: 0 | AZ1221: 0
A1222: 45733492B1 | B1222: 45733 | C1222: 49 | D1222: 2 | E1222: B1 | H1222: 0 | I1222: 0 | J1222: 0 | K1222: 0 | L1222: 0 | M1222: 0 | N1222: 0 | O1222: 0 | P1222: 0 | Q1222: 0 | R1222: 0 | S1222: 0 | T1222: 0 | U1222: 0 | V1222: 0 | W1222: 0 | X1222: 0 | Y1222: 0 | Z1222: 0 | AA1222: 0 | AB1222: 0 | AC1222: 0 | AD1222: 0 | AE1222: 0 | AF1222: 0 | AG1222: 0 | AH1222: 0 | AI1222: 0 | AJ1222: 17.201841 | AK1222: 0.15172807 | AL1222: 197.87225 | AM1222: 3.5387135 | AN1222: 4.8610438 | AO1222: 0.086934077 | AP1222: 103.48897 | AQ1222: 0.56620043 | AR1222: 0.14050423 | AS1222: 0.27218929 | AT1222: 2.6669716 | AU1222: 2.156222 | AV1222: 28.677221 | AW1222: 0 | AX1222: 0 | AY1222: 0 | AZ1222: 0
A1223: 45733492B2 | B1223: 45733 | C1223: 49 | D1223: 2 | E1223: B2 | H1223: 0 | I1223: 0 | J1223: 0 | K1223: 0 | L1223: 0 | M1223: 0 | N1223: 0 | O1223: 0 | P1223: 0 | Q1223: 0 | R1223: 0 | S1223: 0 | T1223: 0 | U1223: 0 | V1223: 0 | W1223: 0 | X1223: 0 | Y1223: 0 | Z1223: 0 | AA1223: 0 | AB1223: 0 | AC1223: 0 | AD1223: 0 | AE1223: 0 | AF1223: 0 | AG1223: 0 | AH1223: 0 | AI1223: 0 | AJ1223: 17.920736 | AK1223: 0.17294488 | AL1223: 170.73725 | AM1223: 3.136639 | AN1223: 5.7133562 | AO1223: 0.1049609 | AP1223: 105.10755 | AQ1223: 0.63292427 | AR1223: 0.15716 | AS1223: 0.24244886 | AT1223: 2.666145 | AU1223: 1.8669072 | AV1223: 27.701319 | AW1223: 0 | AX1223: 0 | AY1223: 0 | AZ1223: 0
A1224: 45733492B3 | B1224: 45733 | C1224: 49 | D1224: 2 | E1224: B3 | H1224: 0 | I1224: 0 | J1224: 0 | K1224: 0 | L1224: 0 | M1224: 0 | N1224: 0 | O1224: 0 | P1224: 0 | Q1224: 0 | R1224: 0 | S1224: 0 | T1224: 0 | U1224: 0 | V1224: 0 | W1224: 0 | X1224: 0 | Y1224: 0 | Z1224: 0 | AA1224: 0 | AB1224: 0 | AC1224: 0 | AD1224: 0 | AE1224: 0 | AF1224: 0 | AG1224: 0 | AH1224: 0 | AI1224: 0 | AJ1224: 17.940616 | AK1224: 0.16781253 | AL1224: 188.88721 | AM1224: 3.2267175 | AN1224: 5.5600206 | AO1224: 0.094980573 | AP1224: 103.51524 | AQ1224: 0.57900215 | AR1224: 0.14802629 | AS1224: 0.25739425 | AT1224: 2.5692075 | AU1224: 1.8388568 | AV1224: 27.49297 | AW1224: 0 | AX1224: 0 | AY1224: 0 | AZ1224: 0
A1225: 45733492B4 | B1225: 45733 | C1225: 49 | D1225: 2 | E1225: B4 | H1225: 0 | I1225: 0 | J1225: 0 | K1225: 0 | L1225: 0 | M1225: 0 | N1225: 0 | O1225: 0 | P1225: 0 | Q1225: 0 | R1225: 0 | S1225: 0 | T1225: 0 | U1225: 0 | V1225: 0 | W1225: 0 | X1225: 0 | Y1225: 0 | Z1225: 0 | AA1225: 0 | AB1225: 0 | AC1225: 0 | AD1225: 0 | AE1225: 0 | AF1225: 0 | AG1225: 0 | AH1225: 0 | AI1225: 0 | AJ1225: 19.13021 | AK1225: 0.16107344 | AL1225: 188.79372 | AM1225: 3.2990676 | AN1225: 5.7986717 | AO1225: 0.10132864 | AP1225: 109.45968 | AQ1225: 0.63538466 | AR1225: 0.14231471 | AS1225: 0.23714684 | AT1225: 2.6017861 | AU1225: 1.955609 | AV1225: 28.110106 | AW1225: 0 | AX1225: 0 | AY1225: 0 | AZ1225: 0
A1226: 45733493B1 | B1226: 45733 | C1226: 49 | D1226: 3 | E1226: B1 | H1226: 0 | I1226: 0 | J1226: 0 | K1226: 0 | L1226: 0 | M1226: 0 | N1226: 0 | O1226: 0 | P1226: 0 | Q1226: 0 | R1226: 0 | S1226: 0 | T1226: 0 | U1226: 0 | V1226: 0 | W1226: 0 | X1226: 0 | Y1226: 0 | Z1226: 0 | AA1226: 0 | AB1226: 0 | AC1226: 0 | AD1226: 0 | AE1226: 0 | AF1226: 0 | AG1226: 0 | AH1226: 0 | AI1226: 0 | AJ1226: 19.240913 | AK1226: 0.19247061 | AL1226: 170.70726 | AM1226: 4.403186 | AN1226: 4.3697708 | AO1226: 0.11271291 | AP1226: 122.03183 | AQ1226: 0.49666899 | AR1226: 0.17419912 | AS1226: 0.35073485 | AT1226: 1.9867641 | AU1226: 2.1755453 | AV1226: 31.297762 | AW1226: 0 | AX1226: 0 | AY1226: 0 | AZ1226: 0
A1227: 45733493B2 | B1227: 45733 | C1227: 49 | D1227: 3 | E1227: B2 | H1227: 0 | I1227: 0 | J1227: 0 | K1227: 0 | L1227: 0 | M1227: 0 | N1227: 0 | O1227: 0 | P1227: 0 | Q1227: 0 | R1227: 0 | S1227: 0 | T1227: 0 | U1227: 0 | V1227: 0 | W1227: 0 | X1227: 0 | Y1227: 0 | Z1227: 0 | AA1227: 0 | AB1227: 0 | AC1227: 0 | AD1227: 0 | AE1227: 0 | AF1227: 0 | AG1227: 0 | AH1227: 0 | AI1227: 0 | AJ1227: 19.958565 | AK1227: 0.18495018 | AL1227: 150.47496 | AM1227: 4.1718974 | AN1227: 4.7840497 | AO1227: 0.13263711 | AP1227: 125.80551 | AQ1227: 0.54039543 | AR1227: 0.18813347 | AS1227: 0.33515032 | AT1227: 2.1757834 | AU1227: 2.2621938 | AV1227: 31.588602 | AW1227: 0 | AX1227: 0 | AY1227: 0 | AZ1227: 0
A1228: 45733493B3 | B1228: 45733 | C1228: 49 | D1228: 3 | E1228: B3 | H1228: 0 | I1228: 0 | J1228: 0 | K1228: 0 | L1228: 0 | M1228: 0 | N1228: 0 | O1228: 0 | P1228: 0 | Q1228: 0 | R1228: 0 | S1228: 0 | T1228: 0 | U1228: 0 | V1228: 0 | W1228: 0 | X1228: 0 | Y1228: 0 | Z1228: 0 | AA1228: 0 | AB1228: 0 | AC1228: 0 | AD1228: 0 | AE1228: 0 | AF1228: 0 | AG1228: 0 | AH1228: 0 | AI1228: 0 | AJ1228: 20.515598 | AK1228: 0.18883411 | AL1228: 193.10537 | AM1228: 4.9102735 | AN1228: 4.1780969 | AO1228: 0.10624044 | AP1228: 114.18188 | AQ1228: 0.5681965 | AR1228: 0.19159831 | AS1228: 0.33720431 | AT1228: 2.3158682 | AU1228: 2.2388602 | AV1228: 31.632078 | AW1228: 0 | AX1228: 0 | AY1228: 0 | AZ1228: 0
A1229: 45733493B4 | B1229: 45733 | C1229: 49 | D1229: 3 | E1229: B4 | H1229: 0 | I1229: 0 | J1229: 0 | K1229: 0 | L1229: 0 | M1229: 0 | N1229: 0 | O1229: 0 | P1229: 0 | Q1229: 0 | R1229: 0 | S1229: 0 | T1229: 0 | U1229: 0 | V1229: 0 | W1229: 0 | X1229: 0 | Y1229: 0 | Z1229: 0 | AA1229: 0 | AB1229: 0 | AC1229: 0 | AD1229: 0 | AE1229: 0 | AF1229: 0 | AG1229: 0 | AH1229: 0 | AI1229: 0 | AJ1229: 20.089597 | AK1229: 0.18474292 | AL1229: 160.86263 | AM1229: 4.2752477 | AN1229: 4.6990487 | AO1229: 0.12488667 | AP1229: 122.31315 | AQ1229: 0.52253576 | AR1229: 0.16591539 | AS1229: 0.32924479 | AT1229: 2.0943977 | AU1229: 2.3200485 | AV1229: 31.83214 | AW1229: 0 | AX1229: 0 | AY1229: 0 | AZ1229: 0
... A1473: 457891468B4 | B1473: 45789 | C1473: 146 | D1473: 8 | E1473: B4 | H1473: 0 | I1473: 0 | J1473: 0 | K1473: 0 | L1473: 0 | M1473: 0 | N1473: 0 | O1473: 0 | P1473: 0 | Q1473: 0 | R1473: 0 | S1473: 0 | T1473: 0 | U1473: 0 | V1473: 0 | W1473: 0 | X1473: 0 | Y1473: 0 | Z1473: 0 | AA1473: 0 | AB1473: 0 | AC1473: 0 | AD1473: 0 | AE1473: 0 | AF1473: 0 | AG1473: 0 | AH1473: 0 | AI1473: 0 | AJ1473: 18.667082 | AK1473: 0.12521035 | AL1473: 143.70614 | AM1473: 2.4787935 | AN1473: 7.5307129 | AO1473: 0.12989759 | AP1473: 95.872385 | AQ1473: 0.56961862 | AR1473: 0.14379477 | AS1473: 0.25244043 | AT1473: 2.3235206 | AU1473: 1.7776923 | AV1473: 26.034721 | AW1473: 0 | AX1473: 0 | AY1473: 0 | AZ1473: 0
B1474: 45740 | C1474: 49 | D1474: 1 | E1474: B1 | H1474: 0 | I1474: 0 | J1474: 0 | K1474: 0 | L1474: 0 | M1474: 0 | N1474: 0 | O1474: 0 | P1474: 0 | Q1474: 0 | R1474: 0 | S1474: 0 | T1474: 0 | U1474: 0 | V1474: 0 | W1474: 0 | X1474: 0 | Y1474: 0 | Z1474: 0 | AA1474: 0 | AB1474: 0 | AC1474: 0 | AD1474: 0 | AE1474: 0 | AF1474: 0 | AG1474: 0 | AH1474: 0 | AI1474: 0 | AJ1474: 0 | AK1474: 0 | AL1474: 0 | AM1474: 0 | AN1474: 0 | AO1474: 0 | AP1474: 0 | AQ1474: 0 | AR1474: 0 | AS1474: 0 | AT1474: 0 | AU1474: 0 | AV1474: 0 | AW1474: 0.0241 | AX1474: 0.0458 | AY1474: 0.0149 | AZ1474: 0.0159
B1475: 45740 | C1475: 49 | D1475: 1 | E1475: B2 | H1475: 0 | I1475: 0 | J1475: 0 | K1475: 0 | L1475: 0 | M1475: 0 | N1475: 0 | O1475: 0 | P1475: 0 | Q1475: 0 | R1475: 0 | S1475: 0 | T1475: 0 | U1475: 0 | V1475: 0 | W1475: 0 | X1475: 0 | Y1475: 0 | Z1475: 0 | AA1475: 0 | AB1475: 0 | AC1475: 0 | AD1475: 0 | AE1475: 0 | AF1475: 0 | AG1475: 0 | AH1475: 0 | AI1475: 0 | AJ1475: 0 | AK1475: 0 | AL1475: 0 | AM1475: 0 | AN1475: 0 | AO1475: 0 | AP1475: 0 | AQ1475: 0 | AR1475: 0 | AS1475: 0 | AT1475: 0 | AU1475: 0 | AV1475: 0 | AW1475: 0.0325 | AX1475: 0.0626 | AY1475: 0.0151 | AZ1475: 0.0141
B1476: 45740 | C1476: 49 | D1476: 1 | E1476: B3 | H1476: 0 | I1476: 0 | J1476: 0 | K1476: 0 | L1476: 0 | M1476: 0 | N1476: 0 | O1476: 0 | P1476: 0 | Q1476: 0 | R1476: 0 | S1476: 0 | T1476: 0 | U1476: 0 | V1476: 0 | W1476: 0 | X1476: 0 | Y1476: 0 | Z1476: 0 | AA1476: 0 | AB1476: 0 | AC1476: 0 | AD1476: 0 | AE1476: 0 | AF1476: 0 | AG1476: 0 | AH1476: 0 | AI1476: 0 | AJ1476: 0 | AK1476: 0 | AL1476: 0 | AM1476: 0 | AN1476: 0 | AO1476: 0 | AP1476: 0 | AQ1476: 0 | AR1476: 0 | AS1476: 0 | AT1476: 0 | AU1476: 0 | AV1476: 0 | AW1476: 0.0244 | AX1476: 0.0458 | AY1476: 0.0181 | AZ1476: 0.0149
B1477: 45740 | C1477: 49 | D1477: 1 | E1477: B4 | H1477: 0 | I1477: 0 | J1477: 0 | K1477: 0 | L1477: 0 | M1477: 0 | N1477: 0 | O1477: 0 | P1477: 0 | Q1477: 0 | R1477: 0 | S1477: 0 | T1477: 0 | U1477: 0 | V1477: 0 | W1477: 0 | X1477: 0 | Y1477: 0 | Z1477: 0 | AA1477: 0 | AB1477: 0 | AC1477: 0 | AD1477: 0 | AE1477: 0 | AF1477: 0 | AG1477: 0 | AH1477: 0 | AI1477: 0 | AJ1477: 0 | AK1477: 0 | AL1477: 0 | AM1477: 0 | AN1477: 0 | AO1477: 0 | AP1477: 0 | AQ1477: 0 | AR1477: 0 | AS1477: 0 | AT1477: 0 | AU1477: 0 | AV1477: 0 | AW1477: 0.0169 | AX1477: 0.0514 | AY1477: 0.016 | AZ1477: 0.015
B1478: 45740 | C1478: 49 | D1478: 8 | E1478: B1 | H1478: 0 | I1478: 0 | J1478: 0 | K1478: 0 | L1478: 0 | M1478: 0 | N1478: 0 | O1478: 0 | P1478: 0 | Q1478: 0 | R1478: 0 | S1478: 0 | T1478: 0 | U1478: 0 | V1478: 0 | W1478: 0 | X1478: 0 | Y1478: 0 | Z1478: 0 | AA1478: 0 | AB1478: 0 | AC1478: 0 | AD1478: 0 | AE1478: 0 | AF1478: 0 | AG1478: 0 | AH1478: 0 | AI1478: 0 | AJ1478: 0 | AK1478: 0 | AL1478: 0 | AM1478: 0 | AN1478: 0 | AO1478: 0 | AP1478: 0 | AQ1478: 0 | AR1478: 0 | AS1478: 0 | AT1478: 0 | AU1478: 0 | AV1478: 0 | AW1478: 0.0628 | AX1478: 0.0874 | AY1478: 0.0051 | AZ1478: 0.0251
B1479: 45740 | C1479: 49 | D1479: 8 | E1479: B2 | H1479: 0 | I1479: 0 | J1479: 0 | K1479: 0 | L1479: 0 | M1479: 0 | N1479: 0 | O1479: 0 | P1479: 0 | Q1479: 0 | R1479: 0 | S1479: 0 | T1479: 0 | U1479: 0 | V1479: 0 | W1479: 0 | X1479: 0 | Y1479: 0 | Z1479: 0 | AA1479: 0 | AB1479: 0 | AC1479: 0 | AD1479: 0 | AE1479: 0 | AF1479: 0 | AG1479: 0 | AH1479: 0 | AI1479: 0 | AJ1479: 0 | AK1479: 0 | AL1479: 0 | AM1479: 0 | AN1479: 0 | AO1479: 0 | AP1479: 0 | AQ1479: 0 | AR1479: 0 | AS1479: 0 | AT1479: 0 | AU1479: 0 | AV1479: 0 | AW1479: 0.1339 | AX1479: 0.0546 | AY1479: 0.0072 | AZ1479: 0.0208
B1480: 45740 | C1480: 49 | D1480: 8 | E1480: B3 | H1480: 0 | I1480: 0 | J1480: 0 | K1480: 0 | L1480: 0 | M1480: 0 | N1480: 0 | O1480: 0 | P1480: 0 | Q1480: 0 | R1480: 0 | S1480: 0 | T1480: 0 | U1480: 0 | V1480: 0 | W1480: 0 | X1480: 0 | Y1480: 0 | Z1480: 0 | AA1480: 0 | AB1480: 0 | AC1480: 0 | AD1480: 0 | AE1480: 0 | AF1480: 0 | AG1480: 0 | AH1480: 0 | AI1480: 0 | AJ1480: 0 | AK1480: 0 | AL1480: 0 | AM1480: 0 | AN1480: 0 | AO1480: 0 | AP1480: 0 | AQ1480: 0 | AR1480: 0 | AS1480: 0 | AT1480: 0 | AU1480: 0 | AV1480: 0 | AW1480: 0.1092 | AX1480: 0.0492 | AY1480: 0.0026 | AZ1480: 0.0149
B1481: 45740 | C1481: 49 | D1481: 8 | E1481: B4 | H1481: 0 | I1481: 0 | J1481: 0 | K1481: 0 | L1481: 0 | M1481: 0 | N1481: 0 | O1481: 0 | P1481: 0 | Q1481: 0 | R1481: 0 | S1481: 0 | T1481: 0 | U1481: 0 | V1481: 0 | W1481: 0 | X1481: 0 | Y1481: 0 | Z1481: 0 | AA1481: 0 | AB1481: 0 | AC1481: 0 | AD1481: 0 | AE1481: 0 | AF1481: 0 | AG1481: 0 | AH1481: 0 | AI1481: 0 | AJ1481: 0 | AK1481: 0 | AL1481: 0 | AM1481: 0 | AN1481: 0 | AO1481: 0 | AP1481: 0 | AQ1481: 0 | AR1481: 0 | AS1481: 0 | AT1481: 0 | AU1481: 0 | AV1481: 0 | AW1481: 0.1312 | AX1481: 0.0638 | AY1481: 0.0049 | AZ1481: 0.0203
B1482: 45740 | C1482: 49 | D1482: 3 | E1482: B1 | H1482: 0 | I1482: 0 | J1482: 0 | K1482: 0 | L1482: 0 | M1482: 0 | N1482: 0 | O1482: 0 | P1482: 0 | Q1482: 0 | R1482: 0 | S1482: 0 | T1482: 0 | U1482: 0 | V1482: 0 | W1482: 0 | X1482: 0 | Y1482: 0 | Z1482: 0 | AA1482: 0 | AB1482: 0 | AC1482: 0 | AD1482: 0 | AE1482: 0 | AF1482: 0 | AG1482: 0 | AH1482: 0 | AI1482: 0 | AJ1482: 0 | AK1482: 0 | AL1482: 0 | AM1482: 0 | AN1482: 0 | AO1482: 0 | AP1482: 0 | AQ1482: 0 | AR1482: 0 | AS1482: 0 | AT1482: 0 | AU1482: 0 | AV1482: 0 | AW1482: 0.0369 | AX1482: 0.0043 | AY1482: 0.0945 | AZ1482: 0.0277
B1483: 45740 | C1483: 49 | D1483: 3 | E1483: B2 | H1483: 0 | I1483: 0 | J1483: 0 | K1483: 0 | L1483: 0 | M1483: 0 | N1483: 0 | O1483: 0 | P1483: 0 | Q1483: 0 | R1483: 0 | S1483: 0 | T1483: 0 | U1483: 0 | V1483: 0 | W1483: 0 | X1483: 0 | Y1483: 0 | Z1483: 0 | AA1483: 0 | AB1483: 0 | AC1483: 0 | AD1483: 0 | AE1483: 0 | AF1483: 0 | AG1483: 0 | AH1483: 0 | AI1483: 0 | AJ1483: 0 | AK1483: 0 | AL1483: 0 | AM1483: 0 | AN1483: 0 | AO1483: 0 | AP1483: 0 | AQ1483: 0 | AR1483: 0 | AS1483: 0 | AT1483: 0 | AU1483: 0 | AV1483: 0 | AW1483: 0.0289 | AX1483: 0.0347 | AY1483: 0.0934 | AZ1483: 0.0201
B1484: 45740 | C1484: 49 | D1484: 3 | E1484: B3 | H1484: 0 | I1484: 0 | J1484: 0 | K1484: 0 | L1484: 0 | M1484: 0 | N1484: 0 | O1484: 0 | P1484: 0 | Q1484: 0 | R1484: 0 | S1484: 0 | T1484: 0 | U1484: 0 | V1484: 0 | W1484: 0 | X1484: 0 | Y1484: 0 | Z1484: 0 | AA1484: 0 | AB1484: 0 | AC1484: 0 | AD1484: 0 | AE1484: 0 | AF1484: 0 | AG1484: 0 | AH1484: 0 | AI1484: 0 | AJ1484: 0 | AK1484: 0 | AL1484: 0 | AM1484: 0 | AN1484: 0 | AO1484: 0 | AP1484: 0 | AQ1484: 0 | AR1484: 0 | AS1484: 0 | AT1484: 0 | AU1484: 0 | AV1484: 0 | AW1484: 0.0261 | AX1484: 0.0695 | AY1484: 0.0744 | AZ1484: 0.0264
B1485: 45740 | C1485: 49 | D1485: 3 | E1485: B4 | H1485: 0 | I1485: 0 | J1485: 0 | K1485: 0 | L1485: 0 | M1485: 0 | N1485: 0 | O1485: 0 | P1485: 0 | Q1485: 0 | R1485: 0 | S1485: 0 | T1485: 0 | U1485: 0 | V1485: 0 | W1485: 0 | X1485: 0 | Y1485: 0 | Z1485: 0 | AA1485: 0 | AB1485: 0 | AC1485: 0 | AD1485: 0 | AE1485: 0 | AF1485: 0 | AG1485: 0 | AH1485: 0 | AI1485: 0 | AJ1485: 0 | AK1485: 0 | AL1485: 0 | AM1485: 0 | AN1485: 0 | AO1485: 0 | AP1485: 0 | AQ1485: 0 | AR1485: 0 | AS1485: 0 | AT1485: 0 | AU1485: 0 | AV1485: 0 | AW1485: 0.0239 | AX1485: 0.0362 | AY1485: 0.0874 | AZ1485: 0.0231
... B1793: 45792 | C1793: 146 | D1793: 3 | E1793: B4 | H1793: 0 | I1793: 0 | J1793: 0 | K1793: 0 | L1793: 0 | M1793: 0 | N1793: 0 | O1793: 0 | P1793: 0 | Q1793: 0 | R1793: 0 | S1793: 0 | T1793: 0 | U1793: 0 | V1793: 0 | W1793: 0 | X1793: 0 | Y1793: 0 | Z1793: 0 | AA1793: 0 | AB1793: 0 | AC1793: 0 | AD1793: 0 | AE1793: 0 | AF1793: 0 | AG1793: 0 | AH1793: 0 | AI1793: 0 | AJ1793: 0 | AK1793: 0 | AL1793: 0 | AM1793: 0 | AN1793: 0 | AO1793: 0 | AP1793: 0 | AQ1793: 0 | AR1793: 0 | AS1793: 0 | AT1793: 0 | AU1793: 0 | AV1793: 0 | AW1793: 0.9542 | AX1793: 0.6747 | AY1793: 0.0925 | AZ1793: 0.0075

Sheet Biometria
A1: ID | B1: Data | C1: Faz | D1: Trat | E1: Bloco | F1: Rep | G1: Parcela | H1: Peso | I1: Média Peso | J1: Altura | K1: Altura média | L1: E.N | M1: E.N Médio
A2: =B2&C2&D2&E2&F2&G2 -> 45733491B1R15 | B2: 45733 | C2: 49 | D2: 1 | E2: B1 | F2: R1 | G2: 5 | H2: 16 | I2: =AVERAGE(H2,H3,H4) -> 17.67 | K2: 2.95
A3: =B3&C3&D3&E3&F3&G3 -> 45733491B1R25 | B3: 45733 | C3: 49 | D3: 1 | E3: B1 | F3: R2 | G3: 5 | H3: 19.54
A4: =B4&C4&D4&E4&F4&G4 -> 45733491B1R35 | B4: 45733 | C4: 49 | D4: 1 | E4: B1 | F4: R3 | G4: 5 | H4: 17.47
A5: =B5&C5&D5&E5&F5&G5 -> 45733491B3R19 | B5: 45733 | C5: 49 | D5: 1 | E5: B3 | F5: R1 | G5: 9 | H5: 12.8 | I5: =AVERAGE(H5,H6,H7) -> 13.43 | K5: 2.69
A6: =B6&C6&D6&E6&F6&G6 -> 45733491B3R29 | B6: 45733 | C6: 49 | D6: 1 | E6: B3 | F6: R2 | G6: 9 | H6: 14
A7: =B7&C7&D7&E7&F7&G7 -> 45733491B3R39 | B7: 45733 | C7: 49 | D7: 1 | E7: B3 | F7: R3 | G7: 9 | H7: 13.49
A8: =B8&C8&D8&E8&F8&G8 -> 45733491B2R117 | B8: 45733 | C8: 49 | D8: 1 | E8: B2 | F8: R1 | G8: 17 | H8: 16.62 | I8: =AVERAGE(H8,H9,H10) -> 17.173333 | K8: 2.62
A9: =B9&C9&D9&E9&F9&G9 -> 45733491B2R217 | B9: 45733 | C9: 49 | D9: 1 | E9: B2 | F9: R2 | G9: 17 | H9: 18.41
A10: =B10&C10&D10&E10&F10&G10 -> 45733491B2R317 | B10: 45733 | C10: 49 | D10: 1 | E10: B2 | F10: R3 | G10: 17 | H10: 16.49
A11: =B11&C11&D11&E11&F11&G11 -> 45733491B4R130 | B11: 45733 | C11: 49 | D11: 1 | E11: B4 | F11: R1 | G11: 30 | H11: 18 | I11: =AVERAGE(H11,H12,H13) -> 18.056667 | K11: 2.85
A12: =B12&C12&D12&E12&F12&G12 -> 45733491B4R230 | B12: 45733 | C12: 49 | D12: 1 | E12: B4 | F12: R2 | G12: 30 | H12: 18.16
A13: =B13&C13&D13&E13&F13&G13 -> 45733491B4R330 | B13: 45733 | C13: 49 | D13: 1 | E13: B4 | F13: R3 | G13: 30 | H13: 18.01
A14: =B14&C14&D14&E14&F14&G14 -> 45733492B1R17 | B14: 45733 | C14: 49 | D14: 2 | E14: B1 | F14: R1 | G14: 7 | H14: 15.59 | I14: =AVERAGE(H14,H15,H16) -> 16.69 | K14: 2.94
A15: =B15&C15&D15&E15&F15&G15 -> 45733492B1R27 | B15: 45733 | C15: 49 | D15: 2 | E15: B1 | F15: R2 | G15: 7 | H15: 16.68
A16: =B16&C16&D16&E16&F16&G16 -> 45733492B1R37 | B16: 45733 | C16: 49 | D16: 2 | E16: B1 | F16: R3 | G16: 7 | H16: 17.8
A17: =B17&C17&D17&E17&F17&G17 -> 45733492B3R116 | B17: 45733 | C17: 49 | D17: 2 | E17: B3 | F17: R1 | G17: 16 | H17: 12.46 | I17: =AVERAGE(H17,H18,H19) -> 12.72 | K17: 2.52
A18: =B18&C18&D18&E18&F18&G18 -> 45733492B3R216 | B18: 45733 | C18: 49 | D18: 2 | E18: B3 | F18: R2 | G18: 16 | H18: 12
A19: =B19&C19&D19&E19&F19&G19 -> 45733492B3R316 | B19: 45733 | C19: 49 | D19: 2 | E19: B3 | F19: R3 | G19: 16 | H19: 13.7
A20: =B20&C20&D20&E20&F20&G20 -> 45733492B2R118 | B20: 45733 | C20: 49 | D20: 2 | E20: B2 | F20: R1 | G20: 18 | H20: 15.3 | I20: =AVERAGE(H20,H21,H22) -> 15.246667 | K20: 2.58
A21: =B21&C21&D21&E21&F21&G21 -> 45733492B2R218 | B21: 45733 | C21: 49 | D21: 2 | E21: B2 | F21: R2 | G21: 18 | H21: 18.57
A22: =B22&C22&D22&E22&F22&G22 -> 45733492B2R318 | B22: 45733 | C22: 49 | D22: 2 | E22: B2 | F22: R3 | G22: 18 | H22: 11.87
A23: =B23&C23&D23&E23&F23&G23 -> 45733492B4R125 | B23: 45733 | C23: 49 | D23: 2 | E23: B4 | F23: R1 | G23: 25 | H23: 11.69 | I23: =AVERAGE(H23,H24,H25) -> 11.653333 | K23: 2.33
A24: =B24&C24&D24&E24&F24&G24 -> 45733492B4R225 | B24: 45733 | C24: 49 | D24: 2 | E24: B4 | F24: R2 | G24: 25 | H24: 12.82
A25: =B25&C25&D25&E25&F25&G25 -> 45733492B4R325 | B25: 45733 | C25: 49 | D25: 2 | E25: B4 | F25: R3 | G25: 25 | H25: 10.45
A26: =B26&C26&D26&E26&F26&G26 -> 45733493B1R18 | B26: 45733 | C26: 49 | D26: 3 | E26: B1 | F26: R1 | G26: 8 | H26: 16.87 | I26: =AVERAGE(H26,H27,H28) -> 18.36 | K26: 2.71
A27: =B27&C27&D27&E27&F27&G27 -> 45733493B1R28 | B27: 45733 | C27: 49 | D27: 3 | E27: B1 | F27: R2 | G27: 8 | H27: 19.21
A28: =B28&C28&D28&E28&F28&G28 -> 45733493B1R38 | B28: 45733 | C28: 49 | D28: 3 | E28: B1 | F28: R3 | G28: 8 | H28: 19
A29: =B29&C29&D29&E29&F29&G29 -> 45733493B3R111 | B29: 45733 | C29: 49 | D29: 3 | E29: B3 | F29: R1 | G29: 11 | H29: 16.32 | I29: =AVERAGE(H29,H30,H31) -> 15.21 | K29: 2.74
A30: =B30&C30&D30&E30&F30&G30 -> 45733493B3R211 | B30: 45733 | C30: 49 | D30: 3 | E30: B3 | F30: R2 | G30: 11 | H30: 16
A31: =B31&C31&D31&E31&F31&G31 -> 45733493B3R311 | B31: 45733 | C31: 49 | D31: 3 | E31: B3 | F31: R3 | G31: 11 | H31: 13.31
A32: =B32&C32&D32&E32&F32&G32 -> 45733493B2R119 | B32: 45733 | C32: 49 | D32: 3 | E32: B2 | F32: R1 | G32: 19 | H32: 11.48 | I32: =AVERAGE(H32,H33,H34) -> 12.006667 | K32: 2.45
A33: =B33&C33&D33&E33&F33&G33 -> 45733493B2R219 | B33: 45733 | C33: 49 | D33: 3 | E33: B2 | F33: R2 | G33: 19 | H33: 12.15
A34: =B34&C34&D34&E34&F34&G34 -> 45733493B2R319 | B34: 45733 | C34: 49 | D34: 3 | E34: B2 | F34: R3 | G34: 19 | H34: 12.39
A35: =B35&C35&D35&E35&F35&G35 -> 45733493B4R126 | B35: 45733 | C35: 49 | D35: 3 | E35: B4 | F35: R1 | G35: 26 | H35: 12.14 | I35: =AVERAGE(H35,H36,H37) -> 13.226667 | K35: 2.31
A36: =B36&C36&D36&E36&F36&G36 -> 45733493B4R226 | B36: 45733 | C36: 49 | D36: 3 | E36: B4 | F36: R2 | G36: 26 | H36: 15.68
A37: =B37&C37&D37&E37&F37&G37 -> 45733493B4R326 | B37: 45733 | C37: 49 | D37: 3 | E37: B4 | F37: R3 | G37: 26 | H37: 11.86
A38: =B38&C38&D38&E38&F38&G38 -> 45733494B1R16 | B38: 45733 | C38: 49 | D38: 4 | E38: B1 | F38: R1 | G38: 6 | H38: 15.87 | I38: =AVERAGE(H38,H39,H40) -> 15.536667 | K38: 2.71
A39: =B39&C39&D39&E39&F39&G39 -> 45733494B1R26 | B39: 45733 | C39: 49 | D39: 4 | E39: B1 | F39: R2 | G39: 6 | H39: 15.42
A40: =B40&C40&D40&E40&F40&G40 -> 45733494B1R36 | B40: 45733 | C40: 49 | D40: 4 | E40: B1 | F40: R3 | G40: 6 | H40: 15.32
A41: =B41&C41&D41&E41&F41&G41 -> 45733494B3R114 | B41: 45733 | C41: 49 | D41: 4 | E41: B3 | F41: R1 | G41: 14 | H41: 14 | I41: =AVERAGE(H41,H42,H43) -> 12.476667 | K41: 2.46
A42: =B42&C42&D42&E42&F42&G42 -> 45733494B3R214 | B42: 45733 | C42: 49 | D42: 4 | E42: B3 | F42: R2 | G42: 14 | H42: 12.25
A43: =B43&C43&D43&E43&F43&G43 -> 45733494B3R314 | B43: 45733 | C43: 49 | D43: 4 | E43: B3 | F43: R3 | G43: 14 | H43: 11.18
A44: =B44&C44&D44&E44&F44&G44 -> 45733494B2R120 | B44: 45733 | C44: 49 | D44: 4 | E44: B2 | F44: R1 | G44: 20 | H44: 16.32 | I44: =AVERAGE(H44,H45,H46) -> 17 | K44: 2.81
A45: =B45&C45&D45&E45&F45&G45 -> 45733494B2R220 | B45: 45733 | C45: 49 | D45: 4 | E45: B2 | F45: R2 | G45: 20 | H45: 17.67
A46: =B46&C46&D46&E46&F46&G46 -> 45733494B2R320 | B46: 45733 | C46: 49 | D46: 4 | E46: B2 | F46: R3 | G46: 20 | H46: 17.01
A47: =B47&C47&D47&E47&F47&G47 -> 45733494B4R127 | B47: 45733 | C47: 49 | D47: 4 | E47: B4 | F47: R1 | G47: 27 | H47: 15.02 | I47: =AVERAGE(H47,H48,H49) -> 15.84 | K47: 2.49
A48: =B48&C48&D48&E48&F48&G48 -> 45733494B4R227 | B48: 45733 | C48: 49 | D48: 4 | E48: B4 | F48: R2 | G48: 27 | H48: 17.32
A49: =B49&C49&D49&E49&F49&G49 -> 45733494B4R327 | B49: 45733 | C49: 49 | D49: 4 | E49: B4 | F49: R3 | G49: 27 | H49: 15.18
A50: =B50&C50&D50&E50&F50&G50 -> 45733495B1R13 | B50: 45733 | C50: 49 | D50: 5 | E50: B1 | F50: R1 | G50: 3 | H50: 12 | I50: =AVERAGE(H50,H51,H52) -> 12.273333 | K50: 2.93
A51: =B51&C51&D51&E51&F51&G51 -> 45733495B1R23 | B51: 45733 | C51: 49 | D51: 5 | E51: B1 | F51: R2 | G51: 3 | H51: 12.64
A52: =B52&C52&D52&E52&F52&G52 -> 45733495B1R33 | B52: 45733 | C52: 49 | D52: 5 | E52: B1 | F52: R3 | G52: 3 | H52: 12.18
A53: =B53&C53&D53&E53&F53&G53 -> 45733495B3R115 | B53: 45733 | C53: 49 | D53: 5 | E53: B3 | F53: R1 | G53: 15 | H53: 13 | I53: =AVERAGE(H53,H54,H55) -> 12.036667 | K53: 2.47
A54: =B54&C54&D54&E54&F54&G54 -> 45733495B3R215 | B54: 45733 | C54: 49 | D54: 5 | E54: B3 | F54: R2 | G54: 15 | H54: 11.11
A55: =B55&C55&D55&E55&F55&G55 -> 45733495B3R315 | B55: 45733 | C55: 49 | D55: 5 | E55: B3 | F55: R3 | G55: 15 | H55: 12
A56: =B56&C56&D56&E56&F56&G56 -> 45733495B2R121 | B56: 45733 | C56: 49 | D56: 5 | E56: B2 | F56: R1 | G56: 21 | H56: 14.53 | I56: =AVERAGE(H56,H57,H58) -> 14.96 | K56: 2.57
A57: =B57&C57&D57&E57&F57&G57 -> 45733495B2R221 | B57: 45733 | C57: 49 | D57: 5 | E57: B2 | F57: R2 | G57: 21 | H57: 14.55
A58: =B58&C58&D58&E58&F58&G58 -> 45733495B2R321 | B58: 45733 | C58: 49 | D58: 5 | E58: B2 | F58: R3 | G58: 21 | H58: 15.8
A59: =B59&C59&D59&E59&F59&G59 -> 45733495B4R128 | B59: 45733 | C59: 49 | D59: 5 | E59: B4 | F59: R1 | G59: 28 | H59: 15.76 | I59: =AVERAGE(H59,H60,H61) -> 16.75 | K59: 2.83
A60: =B60&C60&D60&E60&F60&G60 -> 45733495B4R228 | B60: 45733 | C60: 49 | D60: 5 | E60: B4 | F60: R2 | G60: 28 | H60: 17.43
A61: =B61&C61&D61&E61&F61&G61 -> 45733495B4R328 | B61: 45733 | C61: 49 | D61: 5 | E61: B4 | F61: R3 | G61: 28 | H61: 17.06
A62: =B62&C62&D62&E62&F62&G62 -> 45733496B1R11 | B62: 45733 | C62: 49 | D62: 6 | E62: B1 | F62: R1 | G62: 1 | H62: 17.35 | I62: =AVERAGE(H62,H63,H64) -> 17.31 | K62: 2.94
A63: =B63&C63&D63&E63&F63&G63 -> 45733496B1R21 | B63: 45733 | C63: 49 | D63: 6 | E63: B1 | F63: R2 | G63: 1 | H63: 15.96
A64: =B64&C64&D64&E64&F64&G64 -> 45733496B1R31 | B64: 45733 | C64: 49 | D64: 6 | E64: B1 | F64: R3 | G64: 1 | H64: 18.62
A65: =B65&C65&D65&E65&F65&G65 -> 45733496B3R112 | B65: 45733 | C65: 49 | D65: 6 | E65: B3 | F65: R1 | G65: 12 | H65: 16.54 | I65: =AVERAGE(H65,H66,H67) -> 15.11 | K65: 2.79
A66: =B66&C66&D66&E66&F66&G66 -> 45733496B3R212 | B66: 45733 | C66: 49 | D66: 6 | E66: B3 | F66: R2 | G66: 12 | H66: 12.79
A67: =B67&C67&D67&E67&F67&G67 -> 45733496B3R312 | B67: 45733 | C67: 49 | D67: 6 | E67: B3 | F67: R3 | G67: 12 | H67: 16
A68: =B68&C68&D68&E68&F68&G68 -> 45733496B2R122 | B68: 45733 | C68: 49 | D68: 6 | E68: B2 | F68: R1 | G68: 22 | H68: 13.77 | I68: =AVERAGE(H68,H69,H70) -> 15.106667 | K68: 2.53
A69: =B69&C69&D69&E69&F69&G69 -> 45733496B2R222 | B69: 45733 | C69: 49 | D69: 6 | E69: B2 | F69: R2 | G69: 22 | H69: 15.49
A70: =B70&C70&D70&E70&F70&G70 -> 45733496B2R322 | B70: 45733 | C70: 49 | D70: 6 | E70: B2 | F70: R3 | G70: 22 | H70: 16.06
A71: =B71&C71&D71&E71&F71&G71 -> 45733496B4R129 | B71: 45733 | C71: 49 | D71: 6 | E71: B4 | F71: R1 | G71: 29 | H71: 12.8 | I71: =AVERAGE(H71,H72,H73) -> 11.656667 | K71: 2.59
A72: =B72&C72&D72&E72&F72&G72 -> 45733496B4R229 | B72: 45733 | C72: 49 | D72: 6 | E72: B4 | F72: R2 | G72: 29 | H72: 12.92
A73: =B73&C73&D73&E73&F73&G73 -> 45733496B4R329 | B73: 45733 | C73: 49 | D73: 6 | E73: B4 | F73: R3 | G73: 29 | H73: 9.25
A74: =B74&C74&D74&E74&F74&G74 -> 45733497B1R12 | B74: 45733 | C74: 49 | D74: 7 | E74: B1 | F74: R1 | G74: 2 | H74: 18.3 | I74: =AVERAGE(H74,H75,H76) -> 17.536667 | K74: 2.83
A75: =B75&C75&D75&E75&F75&G75 -> 45733497B1R22 | B75: 45733 | C75: 49 | D75: 7 | E75: B1 | F75: R2 | G75: 2 | H75: 18.55
A76: =B76&C76&D76&E76&F76&G76 -> 45733497B1R32 | B76: 45733 | C76: 49 | D76: 7 | E76: B1 | F76: R3 | G76: 2 | H76: 15.76
A77: =B77&C77&D77&E77&F77&G77 -> 45733497B3R113 | B77: 45733 | C77: 49 | D77: 7 | E77: B3 | F77: R1 | G77: 13 | H77: 16.42 | I77: =AVERAGE(H77,H78,H79) -> 16.546667 | K77: 2.84
A78: =B78&C78&D78&E78&F78&G78 -> 45733497B3R213 | B78: 45733 | C78: 49 | D78: 7 | E78: B3 | F78: R2 | G78: 13 | H78: 15.77
A79: =B79&C79&D79&E79&F79&G79 -> 45733497B3R313 | B79: 45733 | C79: 49 | D79: 7 | E79: B3 | F79: R3 | G79: 13 | H79: 17.45
A80: =B80&C80&D80&E80&F80&G80 -> 45733497B2R123 | B80: 45733 | C80: 49 | D80: 7 | E80: B2 | F80: R1 | G80: 23 | H80: 13.26 | I80: =AVERAGE(H80,H81,H82) -> 12.926667 | K80: 2.43
A81: =B81&C81&D81&E81&F81&G81 -> 45733497B2R223 | B81: 45733 | C81: 49 | D81: 7 | E81: B2 | F81: R2 | G81: 23 | H81: 11.66
A82: =B82&C82&D82&E82&F82&G82 -> 45733497B2R323 | B82: 45733 | C82: 49 | D82: 7 | E82: B2 | F82: R3 | G82: 23 | H82: 13.86
A83: =B83&C83&D83&E83&F83&G83 -> 45733497B4R132 | B83: 45733 | C83: 49 | D83: 7 | E83: B4 | F83: R1 | G83: 32 | H83: 14.81 | I83: =AVERAGE(H83:H85) -> 14.5 | K83: 2.71
A84: =B84&C84&D84&E84&F84&G84 -> 45733497B4R232 | B84: 45733 | C84: 49 | D84: 7 | E84: B4 | F84: R2 | G84: 32 | H84: 14.18
A85: =B85&C85&D85&E85&F85&G85 -> 45733497B4R332 | B85: 45733 | C85: 49 | D85: 7 | E85: B4 | F85: R3 | G85: 32 | H85: 14.51
A86: =B86&C86&D86&E86&F86&G86 -> 45733498B1R14 | B86: 45733 | C86: 49 | D86: 8 | E86: B1 | F86: R1 | G86: 4 | H86: 17.76 | I86: =AVERAGE(H86,H87,H88) -> 15.41 | K86: 2.62
A87: =B87&C87&D87&E87&F87&G87 -> 45733498B1R24 | B87: 45733 | C87: 49 | D87: 8 | E87: B1 | F87: R2 | G87: 4 | H87: 14.95
A88: =B88&C88&D88&E88&F88&G88 -> 45733498B1R34 | B88: 45733 | C88: 49 | D88: 8 | E88: B1 | F88: R3 | G88: 4 | H88: 13.52
A89: =B89&C89&D89&E89&F89&G89 -> 45733498B3R110 | B89: 45733 | C89: 49 | D89: 8 | E89: B3 | F89: R1 | G89: 10 | H89: 16.14 | I89: =AVERAGE(H89,H90,H91) -> 17.133333 | K89: 2.83
A90: =B90&C90&D90&E90&F90&G90 -> 45733498B3R210 | B90: 45733 | C90: 49 | D90: 8 | E90: B3 | F90: R2 | G90: 10 | H90: 15.73
A91: =B91&C91&D91&E91&F91&G91 -> 45733498B3R310 | B91: 45733 | C91: 49 | D91: 8 | E91: B3 | F91: R3 | G91: 10 | H91: 19.53
A92: =B92&C92&D92&E92&F92&G92 -> 45733498B2R124 | B92: 45733 | C92: 49 | D92: 8 | E92: B2 | F92: R1 | G92: 24 | H92: 14.5 | I92: =AVERAGE(H92,H93,H94) -> 15.656667 | K92: 2.8
A93: =B93&C93&D93&E93&F93&G93 -> 45733498B2R224 | B93: 45733 | C93: 49 | D93: 8 | E93: B2 | F93: R2 | G93: 24 | H93: 15.85
A94: =B94&C94&D94&E94&F94&G94 -> 45733498B2R324 | B94: 45733 | C94: 49 | D94: 8 | E94: B2 | F94: R3 | G94: 24 | H94: 16.62
A95: =B95&C95&D95&E95&F95&G95 -> 45733498B4R131 | B95: 45733 | C95: 49 | D95: 8 | E95: B4 | F95: R1 | G95: 31 | H95: 12.37 | I95: =AVERAGE(H95,H96,H97) -> 12.38 | K95: 2.5
A96: =B96&C96&D96&E96&F96&G96 -> 45733498B4R231 | B96: 45733 | C96: 49 | D96: 8 | E96: B4 | F96: R2 | G96: 31 | H96: 11.12
A97: =B97&C97&D97&E97&F97&G97 -> 45733498B4R331 | B97: 45733 | C97: 49 | D97: 8 | E97: B4 | F97: R3 | G97: 31 | H97: 13.65
A98: =B98&C98&D98&E98&F98&G98 -> 45747496B1R11 | B98: 45747 | C98: 49 | D98: 6 | E98: B1 | F98: R1 | G98: 1 | H98: 17.69 | I98: =AVERAGE(H98:H100) -> 18.02 | J98: 2.85 | K98: =AVERAGE(J98:J100) -> 3.1333333
A99: =B99&C99&D99&E99&F99&G99 -> 45747496B1R21 | B99: 45747 | C99: 49 | D99: 6 | E99: B1 | F99: R2 | G99: 1 | H99: 17.85 | J99: 3.15
A100: =B100&C100&D100&E100&F100&G100 -> 45747496B1R31 | B100: 45747 | C100: 49 | D100: 6 | E100: B1 | F100: R3 | G100: 1 | H100: 18.52 | J100: 3.4
...

Sheet Planilha3
A1: Faz | B1: 146
A3: Rótulos de Linha | B3: Média de ATR
A4: 1 | B4: 127.65958
A5: B1.2 | B5: 122.72667
A6: B2.1 | B6: 130.22833
A7: mar | B7: 130.85667
A8: abr | B8: 129.6
A9: 02/abr | B9: 129.6
A10: B3.2 | B10: 129.44333
A11: mar | B11: 129.68
A12: abr | B12: 129.20667
A13: 02/abr | B13: 129.20667
A14: B4.1 | B14: 128.24
A15: mar | B15: 126.26333
A16: abr | B16: 130.21667
A17: 02/abr | B17: 130.21667
A18: 2 | B18: 126.48333
A19: B1.2 | B19: 124.41167
A20: B2.1 | B20: 121.56333
A21: mar | B21: 115.6
A22: abr | B22: 127.52667
A23: 02/abr | B23: 127.52667
A24: B3.2 | B24: 128.84333
A25: mar | B25: 123.12
A26: abr | B26: 134.56667
A27: 02/abr | B27: 134.56667
A28: B4.1 | B28: 131.115
A29: mar | B29: 130.17
A30: abr | B30: 132.06
A31: 02/abr | B31: 132.06
A32: 3 | B32: 127.185
A33: B1.2 | B33: 123.855
A34: B2.1 | B34: 123.34
A35: mar | B35: 121.47333
A36: abr | B36: 125.20667
A37: 02/abr | B37: 125.20667
A38: B3.2 | B38: 130.01333
A39: mar | B39: 128.83
A40: abr | B40: 131.19667
A41: 02/abr | B41: 131.19667
A42: B4.1 | B42: 131.53167
A43: mar | B43: 130.60667
A44: abr | B44: 132.45667
A45: 02/abr | B45: 132.45667
A46: 4 | B46: 129.7275
A47: B1.2 | B47: 129.01
A48: B2.1 | B48: 126.35667
A49: mar | B49: 120.60333
A50: abr | B50: 132.11
A51: 02/abr | B51: 132.11
A52: B3.2 | B52: 133.65
A53: mar | B53: 135.93667
A54: abr | B54: 131.36333
A55: 02/abr | B55: 131.36333
A56: B4.1 | B56: 129.89333
A57: mar | B57: 132.77333
A58: abr | B58: 127.01333
A59: 02/abr | B59: 127.01333
A60: 5 | B60: 130.04708
A61: B1.2 | B61: 125.68833
A62: B2.1 | B62: 132.29
A63: mar | B63: 133.09667
A64: abr | B64: 131.48333
A65: 02/abr | B65: 131.48333
A66: B3.2 | B66: 132.93167
A67: mar | B67: 128.58667
A68: abr | B68: 137.27667
A69: 02/abr | B69: 137.27667
A70: B4.1 | B70: 129.27833
A71: mar | B71: 128.41
A72: abr | B72: 130.14667
A73: 02/abr | B73: 130.14667
A74: 6 | B74: 129.09708
A75: B1.2 | B75: 124.855
A76: B2.1 | B76: 128.995
A77: mar | B77: 127.83667
A78: abr | B78: 130.15333
A79: 02/abr | B79: 130.15333
A80: B3.2 | B80: 127.285
A81: mar | B81: 124.36333
A82: abr | B82: 130.20667
A83: 02/abr | B83: 130.20667
A84: B4.1 | B84: 135.25333
A85: mar | B85: 133.98
A86: abr | B86: 136.52667
A87: 02/abr | B87: 136.52667
A88: 7 | B88: 128.22542
A89: B1.2 | B89: 131.34333
A90: B2.1 | B90: 119.34833
A91: mar | B91: 119.92667
A92: abr | B92: 118.77
A93: 02/abr | B93: 118.77
A94: B3.2 | B94: 128.28833
A95: mar | B95: 125.10667
A96: abr | B96: 131.47
A97: 02/abr | B97: 131.47
A98: B4.1 | B98: 133.92167
A99: mar | B99: 131.67333
A100: abr | B100: 136.17
A101: 02/abr | B101: 136.17
...

Sheet Analise tecnológica
A1: Faz | B1: Trat | C1: Bloco | D1: Rep | E1: Parcela | F1: Idade | G1: Mês Corte | H1: Área | I1: TCH | J1: TC | K1: Amostra | L1: Dt.Análise | M1: PH | N1: Brix | O1: Pol | P1: Pureza | Q1: AR | R1: PC | S1: Ar_Atr | T1: Fibra | U1: Agio | V1: ATR
A2: 49 | B2: 6 | C2: B1.2 | D2: R1 | E2: 1 | F2: 12.3 | G2: 5 | H2: 22.69 | I2: 130 | J2: 2949.7 | K2: 1027910 | L2: 45735 | M2: 5.2 | N2: 16.24 | O2: 11 | P2: 67.73 | Q2: 1.32 | R2: 9.2828 | S2: 1.11 | T2: 12.2 | U2: -16.04 | V2: 99.56
A3: 49 | B3: 6 | C3: B1.2 | D3: R2 | E3: 1 | F3: 12.3 | G3: 5 | H3: 22.69 | I3: 130 | J3: 2949.7 | K3: 1027911 | L3: 45735 | M3: 5.2 | N3: 16.76 | O3: 12.09 | P3: 72.14 | Q3: 1.17 | R3: 10.1142 | S3: 0.98 | T3: 12.7 | U3: -10.29 | V3: 106.38
A4: 49 | B4: 6 | C4: B1.2 | D4: R3 | E4: 1 | F4: 12.3 | G4: 5 | H4: 22.69 | I4: 130 | J4: 2949.7 | K4: 1027912 | L4: 45735 | M4: 5.2 | N4: 18.06 | O4: 14.35 | P4: 79.46 | Q4: 0.92 | R4: 12.1709 | S4: 0.78 | T4: 11.91 | U4: 4.87 | V4: 124.36
A5: 49 | B5: 7 | C5: B1.2 | D5: R1 | E5: 2 | F5: 12.3 | G5: 5 | H5: 22.69 | I5: 130 | J5: 2949.7 | K5: 1027913 | L5: 45735 | M5: 5.2 | N5: 18.11 | O5: 13.6 | P5: 75.1 | Q5: 1.07 | R5: 11.3238 | S5: 0.89 | T5: 12.97 | U5: -1.16 | V5: 117.21
A6: 49 | B6: 7 | C6: B1.2 | D6: R2 | E6: 2 | F6: 12.3 | G6: 5 | H6: 22.69 | I6: 130 | J6: 2949.7 | K6: 1027914 | L6: 45735 | M6: 5.2 | N6: 17.82 | O6: 13.7 | P6: 76.88 | Q6: 1 | R6: 11.3533 | S6: 0.83 | T6: 13.24 | U6: -1.38 | V6: 116.94
A7: 49 | B7: 7 | C7: B1.2 | D7: R3 | E7: 2 | F7: 12.3 | G7: 5 | H7: 22.69 | I7: 130 | J7: 2949.7 | K7: 1027915 | L7: 45735 | M7: 5.2 | N7: 17.42 | O7: 13.25 | P7: 76.06 | Q7: 1.03 | R7: 11.0537 | S7: 0.86 | T7: 12.86 | U7: -3.58 | V7: 114.33
A8: 49 | B8: 5 | C8: B1.2 | D8: R1 | E8: 3 | F8: 12.3 | G8: 5 | H8: 22.69 | I8: 130 | J8: 2949.7 | K8: 1027916 | L8: 45735 | M8: 5.2 | N8: 16.07 | O8: 11.26 | P8: 70.07 | Q8: 1.24 | R8: 9.4544 | S8: 1.04 | T8: 12.49 | U8: -15.18 | V8: 100.58
A9: 49 | B9: 5 | C9: B1.2 | D9: R2 | E9: 3 | F9: 12.3 | G9: 5 | H9: 22.69 | I9: 130 | J9: 2949.7 | K9: 1027917 | L9: 45735 | M9: 5.2 | N9: 17.68 | O9: 13.23 | P9: 74.83 | Q9: 1.07 | R9: 11.0428 | S9: 0.89 | T9: 12.83 | U9: -3.44 | V9: 114.5
A10: 49 | B10: 5 | C10: B1.2 | D10: R3 | E10: 3 | F10: 12.3 | G10: 5 | H10: 22.69 | I10: 130 | J10: 2949.7 | K10: 1027918 | L10: 45735 | M10: 5.2 | N10: 17.82 | O10: 13.56 | P10: 76.09 | Q10: 1.03 | R10: 11.336 | S10: 0.86 | T10: 12.74 | U10: -1.29 | V10: 117.05
A11: 49 | B11: 8 | C11: B1.2 | D11: R1 | E11: 4 | F11: 12.3 | G11: 5 | H11: 22.69 | I11: 130 | J11: 2949.7 | K11: 1027919 | L11: 45735 | M11: 5.2 | N11: 17.19 | O11: 12.56 | P11: 73.07 | Q11: 1.13 | R11: 10.5698 | S11: 0.95 | T11: 12.36 | U11: -6.81 | V11: 110.5
A12: 49 | B12: 8 | C12: B1.2 | D12: R2 | E12: 4 | F12: 12.3 | G12: 5 | H12: 22.69 | I12: 130 | J12: 2949.7 | K12: 1027920 | L12: 45735 | M12: 5.2 | N12: 18.1 | O12: 13.67 | P12: 75.52 | Q12: 1.05 | R12: 11.5881 | S12: 0.89 | T12: 11.94 | U12: 1 | V12: 119.76
A13: 49 | B13: 8 | C13: B1.2 | D13: R3 | E13: 4 | F13: 12.3 | G13: 5 | H13: 22.69 | I13: 130 | J13: 2949.7 | K13: 1027921 | L13: 45735 | M13: 5.2 | N13: 16.98 | O13: 12.01 | P13: 70.73 | Q13: 1.21 | R13: 10.1281 | S13: 1.02 | T13: 12.24 | U13: -9.87 | V13: 106.88
... A385: 146 | B385: 6 | C385: B4.1 | D385: R3 | E385: 64 | F385: 14.4 | G385: 6 | H385: 15.75 | I385: 137.62 | J385: 2167.515 | K385: 1028460 | L385: 45748 | M385: 5.3 | N385: 19.31 | O385: 16.72 | P385: 86.59 | Q385: 0.67 | R385: 13.7564 | S385: 0.55 | T385: 13.65 | U385: 15.98 | V385: 137.53

Sheet A.T D0
A1: ID | B1: Faz | C1: Trat | D1: Bloco | E1: Rep | F1: AT_Parcela | G1: Idade | H1: Mês Corte | I1: Área | J1: TCH | K1: TC | L1: Amostra | M1: Dt.Análise | N1: Data | O1: PH | P1: Brix | Q1: Pol | R1: Pureza | S1: AR | T1: PC | U1: Ar_Atr | V1: Fibra | W1: Agio | X1: ATR
A2: =N2&B2&C2&D2&E2&F2 -> 45733496B1R11 | B2: 49 | C2: 6 | D2: B1 | E2: R1 | F2: 1 | G2: 12.3 | H2: 5 | I2: 22.69 | J2: 130 | K2: 2949.7 | L2: 1027910 | M2: 45735 | N2: =_xlfn.MAXIFS(Biometria!B:B,Biometria!B:B,"<="&M2,Biometria!C:C,B2,Biometria!D:D,C2,Biometria!E:E,D2,Biometria!F:F,E2,Biometria!G:G,F2) -> 45733 | O2: 5.2 | P2: 16.24 | Q2: 11 | R2: 67.73 | S2: 1.32 | T2: 9.2828 | U2: 1.11 | V2: 12.2 | W2: -16.04 | X2: 99.56
A3: =N3&B3&C3&D3&E3&F3 -> 45733496B1R21 | B3: 49 | C3: 6 | D3: B1 | E3: R2 | F3: 1 | G3: 12.3 | H3: 5 | I3: 22.69 | J3: 130 | K3: 2949.7 | L3: 1027911 | M3: 45735 | N3: =_xlfn.MAXIFS(Biometria!B:B,Biometria!B:B,"<="&M3,Biometria!C:C,B3,Biometria!D:D,C3,Biometria!E:E,D3,Biometria!F:F,E3,Biometria!G:G,F3) -> 45733 | O3: 5.2 | P3: 16.76 | Q3: 12.09 | R3: 72.14 | S3: 1.17 | T3: 10.1142 | U3: 0.98 | V3: 12.7 | W3: -10.29 | X3: 106.38
A4: =N4&B4&C4&D4&E4&F4 -> 45733496B1R31 | B4: 49 | C4: 6 | D4: B1 | E4: R3 | F4: 1 | G4: 12.3 | H4: 5 | I4: 22.69 | J4: 130 | K4: 2949.7 | L4: 1027912 | M4: 45735 | N4: =_xlfn.MAXIFS(Biometria!B:B,Biometria!B:B,"<="&M4,Biometria!C:C,B4,Biometria!D:D,C4,Biometria!E:E,D4,Biometria!F:F,E4,Biometria!G:G,F4) -> 45733 | O4: 5.2 | P4: 18.06 | Q4: 14.35 | R4: 79.46 | S4: 0.92 | T4: 12.1709 | U4: 0.78 | V4: 11.91 | W4: 4.87 | X4: 124.36
A5: =N5&B5&C5&D5&E5&F5 -> 45733497B1R12 | B5: 49 | C5: 7 | D5: B1 | E5: R1 | F5: 2 | G5: 12.3 | H5: 5 | I5: 22.69 | J5: 130 | K5: 2949.7 | L5: 1027913 | M5: 45735 | N5: =_xlfn.MAXIFS(Biometria!B:B,Biometria!B:B,"<="&M5,Biometria!C:C,B5,Biometria!D:D,C5,Biometria!E:E,D5,Biometria!F:F,E5,Biometria!G:G,F5) -> 45733 | O5: 5.2 | P5: 18.11 | Q5: 13.6 | R5: 75.1 | S5: 1.07 | T5: 11.3238 | U5: 0.89 | V5: 12.97 | W5: -1.16 | X5: 117.21
A6: =N6&B6&C6&D6&E6&F6 -> 45733497B1R22 | B6: 49 | C6: 7 | D6: B1 | E6: R2 | F6: 2 | G6: 12.3 | H6: 5 | I6: 22.69 | J6: 130 | K6: 2949.7 | L6: 1027914 | M6: 45735 | N6: =_xlfn.MAXIFS(Biometria!B:B,Biometria!B:B,"<="&M6,Biometria!C:C,B6,Biometria!D:D,C6,Biometria!E:E,D6,Biometria!F:F,E6,Biometria!G:G,F6) -> 45733 | O6: 5.2 | P6: 17.82 | Q6: 13.7 | R6: 76.88 | S6: 1 | T6: 11.3533 | U6: 0.83 | V6: 13.24 | W6: -1.38 | X6: 116.94
A7: =N7&B7&C7&D7&E7&F7 -> 45733497B1R32 | B7: 49 | C7: 7 | D7: B1 | E7: R3 | F7: 2 | G7: 12.3 | H7: 5 | I7: 22.69 | J7: 130 | K7: 2949.7 | L7: 1027915 | M7: 45735 | N7: =_xlfn.MAXIFS(Biometria!B:B,Biometria!B:B,"<="&M7,Biometria!C:C,B7,Biometria!D:D,C7,Biometria!E:E,D7,Biometria!F:F,E7,Biometria!G:G,F7) -> 45733 | O7: 5.2 | P7: 17.42 | Q7: 13.25 | R7: 76.06 | S7: 1.03 | T7: 11.0537 | U7: 0.86 | V7: 12.86 | W7: -3.58 | X7: 114.33
A8: =N8&B8&C8&D8&E8&F8 -> 45733495B1R13 | B8: 49 | C8: 5 | D8: B1 | E8: R1 | F8: 3 | G8: 12.3 | H8: 5 | I8: 22.69 | J8: 130 | K8: 2949.7 | L8: 1027916 | M8: 45735 | N8: =_xlfn.MAXIFS(Biometria!B:B,Biometria!B:B,"<="&M8,Biometria!C:C,B8,Biometria!D:D,C8,Biometria!E:E,D8,Biometria!F:F,E8,Biometria!G:G,F8) -> 45733 | O8: 5.2 | P8: 16.07 | Q8: 11.26 | R8: 70.07 | S8: 1.24 | T8: 9.4544 | U8: 1.04 | V8: 12.49 | W8: -15.18 | X8: 100.58
A9: =N9&B9&C9&D9&E9&F9 -> 45733495B1R23 | B9: 49 | C9: 5 | D9: B1 | E9: R2 | F9: 3 | G9: 12.3 | H9: 5 | I9: 22.69 | J9: 130 | K9: 2949.7 | L9: 1027917 | M9: 45735 | N9: =_xlfn.MAXIFS(Biometria!B:B,Biometria!B:B,"<="&M9,Biometria!C:C,B9,Biometria!D:D,C9,Biometria!E:E,D9,Biometria!F:F,E9,Biometria!G:G,F9) -> 45733 | O9: 5.2 | P9: 17.68 | Q9: 13.23 | R9: 74.83 | S9: 1.07 | T9: 11.0428 | U9: 0.89 | V9: 12.83 | W9: -3.44 | X9: 114.5
A10: =N10&B10&C10&D10&E10&F10 -> 45733495B1R33 | B10: 49 | C10: 5 | D10: B1 | E10: R3 | F10: 3 | G10: 12.3 | H10: 5 | I10: 22.69 | J10: 130 | K10: 2949.7 | L10: 1027918 | M10: 45735 | N10: =_xlfn.MAXIFS(Biometria!B:B,Biometria!B:B,"<="&M10,Biometria!C:C,B10,Biometria!D:D,C10,Biometria!E:E,D10,Biometria!F:F,E10,Biometria!G:G,F10) -> 45733 | O10: 5.2 | P10: 17.82 | Q10: 13.56 | R10: 76.09 | S10: 1.03 | T10: 11.336 | U10: 0.86 | V10: 12.74 | W10: -1.29 | X10: 117.05
A11: =N11&B11&C11&D11&E11&F11 -> 45733498B1R14 | B11: 49 | C11: 8 | D11: B1 | E11: R1 | F11: 4 | G11: 12.3 | H11: 5 | I11: 22.69 | J11: 130 | K11: 2949.7 | L11: 1027919 | M11: 45735 | N11: =_xlfn.MAXIFS(Biometria!B:B,Biometria!B:B,"<="&M11,Biometria!C:C,B11,Biometria!D:D,C11,Biometria!E:E,D11,Biometria!F:F,E11,Biometria!G:G,F11) -> 45733 | O11: 5.2 | P11: 17.19 | Q11: 12.56 | R11: 73.07 | S11: 1.13 | T11: 10.5698 | U11: 0.95 | V11: 12.36 | W11: -6.81 | X11: 110.5
A12: =N12&B12&C12&D12&E12&F12 -> 45733498B1R24 | B12: 49 | C12: 8 | D12: B1 | E12: R2 | F12: 4 | G12: 12.3 | H12: 5 | I12: 22.69 | J12: 130 | K12: 2949.7 | L12: 1027920 | M12: 45735 | N12: =_xlfn.MAXIFS(Biometria!B:B,Biometria!B:B,"<="&M12,Biometria!C:C,B12,Biometria!D:D,C12,Biometria!E:E,D12,Biometria!F:F,E12,Biometria!G:G,F12) -> 45733 | O12: 5.2 | P12: 18.1 | Q12: 13.67 | R12: 75.52 | S12: 1.05 | T12: 11.5881 | U12: 0.89 | V12: 11.94 | W12: 1 | X12: 119.76
A13: =N13&B13&C13&D13&E13&F13 -> 45733498B1R34 | B13: 49 | C13: 8 | D13: B1 | E13: R3 | F13: 4 | G13: 12.3 | H13: 5 | I13: 22.69 | J13: 130 | K13: 2949.7 | L13: 1027921 | M13: 45735 | N13: =_xlfn.MAXIFS(Biometria!B:B,Biometria!B:B,"<="&M13,Biometria!C:C,B13,Biometria!D:D,C13,Biometria!E:E,D13,Biometria!F:F,E13,Biometria!G:G,F13) -> 45733 | O13: 5.2 | P13: 16.98 | Q13: 12.01 | R13: 70.73 | S13: 1.21 | T13: 10.1281 | U13: 1.02 | V13: 12.24 | W13: -9.87 | X13: 106.88
... A193: =N193&B193&C193&D193&E193&F193 -> 457331466B4R364 | B193: 146 | C193: 6 | D193: B4 | E193: R3 | F193: 64 | G193: 13.9 | H193: 6 | I193: 15.75 | J193: 137.62 | K193: 2167.515 | L193: 1028101 | M193: 45736 | N193: =_xlfn.MAXIFS(Biometria!B:B,Biometria!B:B,"<="&M193,Biometria!C:C,B193,Biometria!D:D,C193,Biometria!E:E,D193,Biometria!F:F,E193,Biometria!G:G,F193) -> 45733 | O193: 5.1 | P193: 19.58 | Q193: 16.35 | R193: 83.5 | S193: 0.78 | T193: 13.0519 | U193: 0.62 | V193: 15.35 | W193: 10.79 | X193: 131.38

Sheet A.T D7
A1: ID | B1: Fazenda | C1: Trat | D1: Bloco | E1: Rep | F1: Parcela | G1: Idade | H1: Mês Corte | I1: Área | J1: TCH | K1: TC | L1: Amostra | M1: Dt.Análise | O1: PH | P1: Brix | Q1: Pol | R1: Pureza | S1: AR | T1: PC | U1: Ar_Atr | V1: Fibra | W1: Agio | X1: ATR
A2: =N2&B2&C2&D2&E2&F2 -> 45747496B1R11 | B2: 49 | C2: 6 | D2: B1 | E2: R1 | F2: 1 | G2: 12.8 | H2: 5 | I2: 22.69 | J2: 130 | K2: 2949.7 | L2: 1028269 | M2: 45748 | N2: =_xlfn.MAXIFS(Biometria!B:B,Biometria!B:B,"<="&M2,Biometria!C:C,B2,Biometria!D:D,C2,Biometria!E:E,D2,Biometria!F:F,E2,Biometria!G:G,F2) -> 45747 | O2: 5.4 | P2: 16.76 | Q2: 13.36 | R2: 79.71 | S2: 0.91 | T2: 11.2842 | U2: 0.77 | V2: 12.15 | W2: -2.4 | X2: 115.73
A3: =N3&B3&C3&D3&E3&F3 -> 45747496B1R21 | B3: 49 | C3: 6 | D3: B1 | E3: R2 | F3: 1 | G3: 12.8 | H3: 5 | I3: 22.69 | J3: 130 | K3: 2949.7 | L3: 1028270 | M3: 45748 | N3: =_xlfn.MAXIFS(Biometria!B:B,Biometria!B:B,"<="&M3,Biometria!C:C,B3,Biometria!D:D,C3,Biometria!E:E,D3,Biometria!F:F,E3,Biometria!G:G,F3) -> 45747 | O3: 5.3 | P3: 16.76 | Q3: 13.46 | R3: 80.31 | S3: 0.89 | T3: 11.4616 | U3: 0.76 | V3: 11.68 | W3: -1.04 | X3: 117.35
A4: =N4&B4&C4&D4&E4&F4 -> 45747496B1R31 | B4: 49 | C4: 6 | D4: B1 | E4: R3 | F4: 1 | G4: 12.8 | H4: 5 | I4: 22.69 | J4: 130 | K4: 2949.7 | L4: 1028271 | M4: 45748 | N4: =_xlfn.MAXIFS(Biometria!B:B,Biometria!B:B,"<="&M4,Biometria!C:C,B4,Biometria!D:D,C4,Biometria!E:E,D4,Biometria!F:F,E4,Biometria!G:G,F4) -> 45747 | O4: 5.3 | P4: 16.33 | Q4: 12.83 | R4: 78.57 | S4: 0.95 | T4: 11.0463 | U4: 0.82 | V4: 11.04 | W4: -3.95 | X4: 113.9
A5: =N5&B5&C5&D5&E5&F5 -> 45747497B1R12 | B5: 49 | C5: 7 | D5: B1 | E5: R1 | F5: 2 | G5: 12.8 | H5: 5 | I5: 22.69 | J5: 130 | K5: 2949.7 | L5: 1028272 | M5: 45748 | N5: =_xlfn.MAXIFS(Biometria!B:B,Biometria!B:B,"<="&M5,Biometria!C:C,B5,Biometria!D:D,C5,Biometria!E:E,D5,Biometria!F:F,E5,Biometria!G:G,F5) -> 45747 | O5: 5.5 | P5: 17.06 | Q5: 13.9 | R5: 81.48 | S5: 0.85 | T5: 11.7688 | U5: 0.72 | V5: 12.01 | W5: 1.15 | X5: 119.94
A6: =N6&B6&C6&D6&E6&F6 -> 45747497B1R22 | B6: 49 | C6: 7 | D6: B1 | E6: R2 | F6: 2 | G6: 12.8 | H6: 5 | I6: 22.69 | J6: 130 | K6: 2949.7 | L6: 1028273 | M6: 45748 | N6: =_xlfn.MAXIFS(Biometria!B:B,Biometria!B:B,"<="&M6,Biometria!C:C,B6,Biometria!D:D,C6,Biometria!E:E,D6,Biometria!F:F,E6,Biometria!G:G,F6) -> 45747 | O6: 5.5 | P6: 17 | Q6: 14.02 | R6: 82.47 | S6: 0.81 | T6: 11.926 | U6: 0.69 | V6: 11.74 | W6: 2.19 | X6: 121.18
A7: =N7&B7&C7&D7&E7&F7 -> 45747497B1R32 | B7: 49 | C7: 7 | D7: B1 | E7: R3 | F7: 2 | G7: 12.8 | H7: 5 | I7: 22.69 | J7: 130 | K7: 2949.7 | L7: 1028274 | M7: 45748 | N7: =_xlfn.MAXIFS(Biometria!B:B,Biometria!B:B,"<="&M7,Biometria!C:C,B7,Biometria!D:D,C7,Biometria!E:E,D7,Biometria!F:F,E7,Biometria!G:G,F7) -> 45747 | O7: 5.2 | P7: 16.48 | Q7: 13.21 | R7: 80.16 | S7: 0.89 | T7: 11.2195 | U7: 0.76 | V7: 11.83 | W7: -3 | X7: 115.02
A8: =N8&B8&C8&D8&E8&F8 -> 45747495B1R13 | B8: 49 | C8: 5 | D8: B1 | E8: R1 | F8: 3 | G8: 12.8 | H8: 5 | I8: 22.69 | J8: 130 | K8: 2949.7 | L8: 1028275 | M8: 45748 | N8: =_xlfn.MAXIFS(Biometria!B:B,Biometria!B:B,"<="&M8,Biometria!C:C,B8,Biometria!D:D,C8,Biometria!E:E,D8,Biometria!F:F,E8,Biometria!G:G,F8) -> 45747 | O8: 5.5 | P8: 16.65 | Q8: 13.26 | R8: 79.64 | S8: 0.91 | T8: 11.1744 | U8: 0.77 | V8: 12.28 | W8: -3.3 | X8: 114.67
A9: =N9&B9&C9&D9&E9&F9 -> 45747495B1R23 | B9: 49 | C9: 5 | D9: B1 | E9: R2 | F9: 3 | G9: 12.8 | H9: 5 | I9: 22.69 | J9: 130 | K9: 2949.7 | L9: 1028276 | M9: 45748 | N9: =_xlfn.MAXIFS(Biometria!B:B,Biometria!B:B,"<="&M9,Biometria!C:C,B9,Biometria!D:D,C9,Biometria!E:E,D9,Biometria!F:F,E9,Biometria!G:G,F9) -> 45747 | O9: 5.4 | P9: 16.57 | Q9: 13.4 | R9: 80.87 | S9: 0.87 | T9: 11.3297 | U9: 0.74 | V9: 12.09 | W9: -2.27 | X9: 115.89
A10: =N10&B10&C10&D10&E10&F10 -> 45747495B1R33 | B10: 49 | C10: 5 | D10: B1 | E10: R3 | F10: 3 | G10: 12.8 | H10: 5 | I10: 22.69 | J10: 130 | K10: 2949.7 | L10: 1028277 | M10: 45748 | N10: =_xlfn.MAXIFS(Biometria!B:B,Biometria!B:B,"<="&M10,Biometria!C:C,B10,Biometria!D:D,C10,Biometria!E:E,D10,Biometria!F:F,E10,Biometria!G:G,F10) -> 45747 | O10: 5.3 | P10: 16.5 | Q10: 13.08 | R10: 79.27 | S10: 0.92 | T10: 11.0995 | U10: 0.78 | V10: 11.88 | W10: -3.83 | X10: 114.04
A11: =N11&B11&C11&D11&E11&F11 -> 45747498B1R14 | B11: 49 | C11: 8 | D11: B1 | E11: R1 | F11: 4 | G11: 12.8 | H11: 5 | I11: 22.69 | J11: 130 | K11: 2949.7 | L11: 1028278 | M11: 45748 | N11: =_xlfn.MAXIFS(Biometria!B:B,Biometria!B:B,"<="&M11,Biometria!C:C,B11,Biometria!D:D,C11,Biometria!E:E,D11,Biometria!F:F,E11,Biometria!G:G,F11) -> 45747 | O11: 5.4 | P11: 17 | Q11: 13.74 | R11: 80.82 | S11: 0.87 | T11: 11.7628 | U11: 0.74 | V11: 11.37 | W11: 1.26 | X11: 120.07
A12: =N12&B12&C12&D12&E12&F12 -> 45747498B1R24 | B12: 49 | C12: 8 | D12: B1 | E12: R2 | F12: 4 | G12: 12.8 | H12: 5 | I12: 22.69 | J12: 130 | K12: 2949.7 | L12: 1028279 | M12: 45748 | N12: =_xlfn.MAXIFS(Biometria!B:B,Biometria!B:B,"<="&M12,Biometria!C:C,B12,Biometria!D:D,C12,Biometria!E:E,D12,Biometria!F:F,E12,Biometria!G:G,F12) -> 45747 | O12: 5.2 | P12: 16.79 | Q12: 13.53 | R12: 80.58 | S12: 0.88 | T12: 11.309 | U12: 0.74 | V12: 12.75 | W12: -2.44 | X12: 115.69
A13: =N13&B13&C13&D13&E13&F13 -> 45747498B1R34 | B13: 49 | C13: 8 | D13: B1 | E13: R3 | F13: 4 | G13: 12.8 | H13: 5 | I13: 22.69 | J13: 130 | K13: 2949.7 | L13: 1028280 | M13: 45748 | N13: =_xlfn.MAXIFS(Biometria!B:B,Biometria!B:B,"<="&M13,Biometria!C:C,B13,Biometria!D:D,C13,Biometria!E:E,D13,Biometria!F:F,E13,Biometria!G:G,F13) -> 45747 | O13: 5.2 | P13: 17.36 | Q13: 14.07 | R13: 81.05 | S13: 0.86 | T13: 11.8859 | U13: 0.73 | V13: 12.14 | W13: 2.18 | X13: 121.16
... A193: =N193&B193&C193&D193&E193&F193 -> 457471466B4R364 | B193: 146 | C193: 6 | D193: B4 | E193: R3 | F193: 64 | G193: 14.4 | H193: 6 | I193: 15.75 | J193: 137.62 | K193: 2167.515 | L193: 1028460 | M193: 45749 | N193: =_xlfn.MAXIFS(Biometria!B:B,Biometria!B:B,"<="&M193,Biometria!C:C,B193,Biometria!D:D,C193,Biometria!E:E,D193,Biometria!F:F,E193,Biometria!G:G,F193) -> 45747 | O193: 5.3 | P193: 19.31 | Q193: 16.72 | R193: 86.59 | S193: 0.67 | T193: 13.7564 | U193: 0.55 | V193: 13.65 | W193: 15.98 | X193: 137.53

Sheet A.T D22
A1: ID | B1: Fazenda | C1: Trat | D1: Bloco | E1: Rep | F1: Parcela | G1: Idade | H1: Mês Corte | I1: Área | J1: TCH | K1: TC | L1: Amostra | M1: Dt.Análise | O1: PH | P1: Brix | Q1: Pol | R1: Pureza | S1: AR | T1: PC | U1: Ar_Atr | V1: Fibra | W1: Agio | X1: ATR
A2: =N2&B2&C2&D2&E2&F2 -> 457611465B1R133 | B2: 146 | C2: 5 | D2: B1 | E2: R1 | F2: 33 | G2: 14.8 | H2: 6 | I2: 15.75 | J2: 137.62 | K2: 2167.515 | L2: 1028652 | M2: 45763 | N2: =_xlfn.MAXIFS(Biometria!B:B,Biometria!B:B,"<="&M2,Biometria!C:C,B2,Biometria!D:D,C2,Biometria!E:E,D2,Biometria!F:F,E2,Biometria!G:G,F2) -> 45761 | O2: 5.2 | P2: 18.51 | Q2: 15.44 | R2: 83.41 | S2: 0.78 | T2: 12.5894 | U2: 0.64 | V2: 14.16 | W2: 7.19 | X2: 127.11
A3: =N3&B3&C3&D3&E3&F3 -> 457611465B1R233 | B3: 146 | C3: 5 | D3: B1 | E3: R2 | F3: 33 | G3: 14.8 | H3: 6 | I3: 15.75 | J3: 137.62 | K3: 2167.515 | L3: 1028653 | M3: 45763 | N3: =_xlfn.MAXIFS(Biometria!B:B,Biometria!B:B,"<="&M3,Biometria!C:C,B3,Biometria!D:D,C3,Biometria!E:E,D3,Biometria!F:F,E3,Biometria!G:G,F3) -> 45761 | O3: 5.1 | P3: 19.89 | Q3: 14.71 | R3: 73.96 | S3: 1.1 | T3: 11.8925 | U3: 0.89 | V3: 14.64 | W3: 3.47 | X3: 122.69
A4: =N4&B4&C4&D4&E4&F4 -> 457611465B1R333 | B4: 146 | C4: 5 | D4: B1 | E4: R3 | F4: 33 | G4: 14.8 | H4: 6 | I4: 15.75 | J4: 137.62 | K4: 2167.515 | L4: 1028654 | M4: 45763 | N4: =_xlfn.MAXIFS(Biometria!B:B,Biometria!B:B,"<="&M4,Biometria!C:C,B4,Biometria!D:D,C4,Biometria!E:E,D4,Biometria!F:F,E4,Biometria!G:G,F4) -> 45761 | O4: 5.1 | P4: 18.4 | Q4: 15.46 | R4: 84.02 | S4: 0.76 | T4: 12.4722 | U4: 0.61 | V4: 14.76 | W4: 6.01 | X4: 125.71
A5: =N5&B5&C5&D5&E5&F5 -> 457611466B1R134 | B5: 146 | C5: 6 | D5: B1 | E5: R1 | F5: 34 | G5: 14.8 | H5: 6 | I5: 15.75 | J5: 137.62 | K5: 2167.515 | L5: 1028649 | M5: 45763 | N5: =_xlfn.MAXIFS(Biometria!B:B,Biometria!B:B,"<="&M5,Biometria!C:C,B5,Biometria!D:D,C5,Biometria!E:E,D5,Biometria!F:F,E5,Biometria!G:G,F5) -> 45761 | O5: 5.2 | P5: 18.83 | Q5: 15.88 | R5: 84.33 | S5: 0.75 | T5: 12.8589 | U5: 0.61 | V5: 14.55 | W5: 9.15 | X5: 129.43
A6: =N6&B6&C6&D6&E6&F6 -> 457611466B1R234 | B6: 146 | C6: 6 | D6: B1 | E6: R2 | F6: 34 | G6: 14.8 | H6: 6 | I6: 15.75 | J6: 137.62 | K6: 2167.515 | L6: 1028650 | M6: 45763 | N6: =_xlfn.MAXIFS(Biometria!B:B,Biometria!B:B,"<="&M6,Biometria!C:C,B6,Biometria!D:D,C6,Biometria!E:E,D6,Biometria!F:F,E6,Biometria!G:G,F6) -> 45761 | O6: 5.1 | P6: 18.93 | Q6: 16.11 | R6: 85.1 | S6: 0.72 | T6: 12.9873 | U6: 0.58 | V6: 14.8 | W6: 9.97 | X6: 130.4
A7: =N7&B7&C7&D7&E7&F7 -> 457611466B1R334 | B7: 146 | C7: 6 | D7: B1 | E7: R3 | F7: 34 | G7: 14.8 | H7: 6 | I7: 15.75 | J7: 137.62 | K7: 2167.515 | L7: 1028651 | M7: 45763 | N7: =_xlfn.MAXIFS(Biometria!B:B,Biometria!B:B,"<="&M7,Biometria!C:C,B7,Biometria!D:D,C7,Biometria!E:E,D7,Biometria!F:F,E7,Biometria!G:G,F7) -> 45761 | O7: 5.2 | P7: 19.15 | Q7: 16.23 | R7: 84.75 | S7: 0.73 | T7: 13.2476 | U7: 0.6 | V7: 14.1 | W7: 12.24 | X7: 133.09
A8: =N8&B8&C8&D8&E8&F8 -> 457611464B1R135 | B8: 146 | C8: 4 | D8: B1 | E8: R1 | F8: 35 | G8: 14.8 | H8: 6 | I8: 15.75 | J8: 137.62 | K8: 2167.515 | L8: 1028646 | M8: 45763 | N8: =_xlfn.MAXIFS(Biometria!B:B,Biometria!B:B,"<="&M8,Biometria!C:C,B8,Biometria!D:D,C8,Biometria!E:E,D8,Biometria!F:F,E8,Biometria!G:G,F8) -> 45761 | O8: 5.2 | P8: 19.23 | Q8: 15.88 | R8: 82.58 | S8: 0.81 | T8: 12.9115 | U8: 0.66 | V8: 14.32 | W8: 9.97 | X8: 130.4
A9: =N9&B9&C9&D9&E9&F9 -> 457611464B1R235 | B9: 146 | C9: 4 | D9: B1 | E9: R2 | F9: 35 | G9: 14.8 | H9: 6 | I9: 15.75 | J9: 137.62 | K9: 2167.515 | L9: 1028647 | M9: 45763 | N9: =_xlfn.MAXIFS(Biometria!B:B,Biometria!B:B,"<="&M9,Biometria!C:C,B9,Biometria!D:D,C9,Biometria!E:E,D9,Biometria!F:F,E9,Biometria!G:G,F9) -> 45761 | O9: 5.2 | P9: 19.41 | Q9: 16.68 | R9: 85.94 | S9: 0.69 | T9: 13.5452 | U9: 0.56 | V9: 14.39 | W9: 14.34 | X9: 135.59
A10: =N10&B10&C10&D10&E10&F10 -> 457611464B1R335 | B10: 146 | C10: 4 | D10: B1 | E10: R3 | F10: 35 | G10: 14.8 | H10: 6 | I10: 15.75 | J10: 137.62 | K10: 2167.515 | L10: 1028648 | M10: 45763 | N10: =_xlfn.MAXIFS(Biometria!B:B,Biometria!B:B,"<="&M10,Biometria!C:C,B10,Biometria!D:D,C10,Biometria!E:E,D10,Biometria!F:F,E10,Biometria!G:G,F10) -> 45761 | O10: 5.3 | P10: 19.04 | Q10: 15.91 | R10: 83.56 | S10: 0.77 | T10: 12.9084 | U10: 0.62 | V10: 14.44 | W10: 9.63 | X10: 130
A11: =N11&B11&C11&D11&E11&F11 -> 457611468B1R136 | B11: 146 | C11: 8 | D11: B1 | E11: R1 | F11: 36 | G11: 14.8 | H11: 6 | I11: 15.75 | J11: 137.62 | K11: 2167.515 | L11: 1028643 | M11: 45763 | N11: =_xlfn.MAXIFS(Biometria!B:B,Biometria!B:B,"<="&M11,Biometria!C:C,B11,Biometria!D:D,C11,Biometria!E:E,D11,Biometria!F:F,E11,Biometria!G:G,F11) -> 45761 | O11: 5.1 | P11: 20.53 | Q11: 17.66 | R11: 86.02 | S11: 0.69 | T11: 14.0976 | U11: 0.55 | V11: 15.35 | W11: 18.75 | X11: 140.81
A12: =N12&B12&C12&D12&E12&F12 -> 457611468B1R236 | B12: 146 | C12: 8 | D12: B1 | E12: R2 | F12: 36 | G12: 14.8 | H12: 6 | I12: 15.75 | J12: 137.62 | K12: 2167.515 | L12: 1028644 | M12: 45763 | N12: =_xlfn.MAXIFS(Biometria!B:B,Biometria!B:B,"<="&M12,Biometria!C:C,B12,Biometria!D:D,C12,Biometria!E:E,D12,Biometria!F:F,E12,Biometria!G:G,F12) -> 45761 | O12: 5.3 | P12: 21.11 | Q12: 18.39 | R12: 87.12 | S12: 0.65 | T12: 14.6699 | U12: 0.52 | V12: 15.39 | W12: 23.17 | X12: 146.05
A13: =N13&B13&C13&D13&E13&F13 -> 457611468B1R336 | B13: 146 | C13: 8 | D13: B1 | E13: R3 | F13: 36 | G13: 14.8 | H13: 6 | I13: 15.75 | J13: 137.62 | K13: 2167.515 | L13: 1028645 | M13: 45763 | N13: =_xlfn.MAXIFS(Biometria!B:B,Biometria!B:B,"<="&M13,Biometria!C:C,B13,Biometria!D:D,C13,Biometria!E:E,D13,Biometria!F:F,E13,Biometria!G:G,F13) -> 45761 | O13: 5.2 | P13: 22.17 | Q13: 19.49 | R13: 87.91 | S13: 0.63 | T13: 15.132 | U13: 0.49 | V13: 16.89 | W13: 26.69 | X13: 150.23
... A193: =N193&B193&C193&D193&E193&F193 -> 45761497B4R332 | B193: 49 | C193: 7 | D193: B4 | E193: R3 | F193: 32 | G193: 13.3 | H193: 5 | I193: 22.69 | J193: 130 | K193: 2949.7 | L193: 1028558 | M193: 45763 | N193: =_xlfn.MAXIFS(Biometria!B:B,Biometria!B:B,"<="&M193,Biometria!C:C,B193,Biometria!D:D,C193,Biometria!E:E,D193,Biometria!F:F,E193,Biometria!G:G,F193) -> 45761 | O193: 5.2 | P193: 17.98 | Q193: 14.39 | R193: 80.03 | S193: 0.9 | T193: 12.1014 | U193: 0.76 | V193: 12.4 | W193: 4.16 | X193: 123.51

Sheet A.T D37
A1: ID | B1: Fazenda | C1: Trat | D1: Bloco | E1: Rep | F1: Parcela | G1: Idade | H1: Mês Corte | I1: Área | J1: TCH | K1: TC | L1: Amostra | M1: Dt.Análise | O1: PH | P1: Brix | Q1: Pol | R1: Pureza | S1: AR | T1: PC | U1: Ar_Atr | V1: Fibra | W1: Agio | X1: ATR
A2: =N2&B2&C2&D2&E2&F2 -> 45776496B1R11 | B2: 49 | C2: 6 | D2: B1 | E2: R1 | F2: 1 | G2: 13.7 | H2: 5 | I2: 22.69 | J2: 130 | K2: 2949.7 | L2: 1028655 | M2: 45777 | N2: =_xlfn.MAXIFS(Biometria!B:B,Biometria!B:B,"<="&M2,Biometria!C:C,B2,Biometria!D:D,C2,Biometria!E:E,D2,Biometria!F:F,E2,Biometria!G:G,F2) -> 45776 | O2: 5.2 | P2: 18.35 | Q2: 15.49 | R2: 84.41 | S2: 0.75 | T2: 12.9585 | U2: 0.63 | V2: 12.7 | W2: 10.12 | X2: 130.58
A3: =N3&B3&C3&D3&E3&F3 -> 45776496B1R21 | B3: 49 | C3: 6 | D3: B1 | E3: R2 | F3: 1 | G3: 13.7 | H3: 5 | I3: 22.69 | J3: 130 | K3: 2949.7 | L3: 1028656 | M3: 45777 | N3: =_xlfn.MAXIFS(Biometria!B:B,Biometria!B:B,"<="&M3,Biometria!C:C,B3,Biometria!D:D,C3,Biometria!E:E,D3,Biometria!F:F,E3,Biometria!G:G,F3) -> 45776 | O3: 5.2 | P3: 17.64 | Q3: 14.33 | R3: 81.24 | S3: 0.85 | T3: 12.0761 | U3: 0.72 | V3: 12.28 | W3: 3.64 | X3: 122.9
A4: =N4&B4&C4&D4&E4&F4 -> 45776496B1R31 | B4: 49 | C4: 6 | D4: B1 | E4: R3 | F4: 1 | G4: 13.7 | H4: 5 | I4: 22.69 | J4: 130 | K4: 2949.7 | L4: 1028657 | M4: 45777 | N4: =_xlfn.MAXIFS(Biometria!B:B,Biometria!B:B,"<="&M4,Biometria!C:C,B4,Biometria!D:D,C4,Biometria!E:E,D4,Biometria!F:F,E4,Biometria!G:G,F4) -> 45776 | O4: 5.2 | P4: 18.23 | Q4: 15.33 | R4: 84.09 | S4: 0.76 | T4: 12.8381 | U4: 0.64 | V4: 12.64 | W4: 9.22 | X4: 129.51
A5: =N5&B5&C5&D5&E5&F5 -> 45776497B1R12 | B5: 49 | C5: 7 | D5: B1 | E5: R1 | F5: 2 | G5: 13.7 | H5: 5 | I5: 22.69 | J5: 130 | K5: 2949.7 | L5: 1028658 | M5: 45777 | N5: =_xlfn.MAXIFS(Biometria!B:B,Biometria!B:B,"<="&M5,Biometria!C:C,B5,Biometria!D:D,C5,Biometria!E:E,D5,Biometria!F:F,E5,Biometria!G:G,F5) -> 45776 | O5: 5.2 | P5: 17.83 | Q5: 14.66 | R5: 82.22 | S5: 0.82 | T5: 12.3779 | U5: 0.69 | V5: 12.17 | W5: 5.86 | X5: 125.53
A6: =N6&B6&C6&D6&E6&F6 -> 45776497B1R22 | B6: 49 | C6: 7 | D6: B1 | E6: R2 | F6: 2 | G6: 13.7 | H6: 5 | I6: 22.69 | J6: 130 | K6: 2949.7 | L6: 1028659 | M6: 45777 | N6: =_xlfn.MAXIFS(Biometria!B:B,Biometria!B:B,"<="&M6,Biometria!C:C,B6,Biometria!D:D,C6,Biometria!E:E,D6,Biometria!F:F,E6,Biometria!G:G,F6) -> 45776 | O6: 5.2 | P6: 17.34 | Q6: 14.16 | R6: 81.66 | S6: 0.84 | T6: 11.9619 | U6: 0.71 | V6: 12.14 | W6: 2.64 | X6: 121.71
A7: =N7&B7&C7&D7&E7&F7 -> 45776497B1R32 | B7: 49 | C7: 7 | D7: B1 | E7: R3 | F7: 2 | G7: 13.7 | H7: 5 | I7: 22.69 | J7: 130 | K7: 2949.7 | L7: 1028660 | M7: 45777 | N7: =_xlfn.MAXIFS(Biometria!B:B,Biometria!B:B,"<="&M7,Biometria!C:C,B7,Biometria!D:D,C7,Biometria!E:E,D7,Biometria!F:F,E7,Biometria!G:G,F7) -> 45776 | O7: 5.3 | P7: 17.97 | Q7: 14.92 | R7: 83.03 | S7: 0.79 | T7: 12.4599 | U7: 0.66 | V7: 12.8 | W7: 6.3 | X7: 126.05
A8: =N8&B8&C8&D8&E8&F8 -> 45776495B1R13 | B8: 49 | C8: 5 | D8: B1 | E8: R1 | F8: 3 | G8: 13.7 | H8: 5 | I8: 22.69 | J8: 130 | K8: 2949.7 | L8: 1028661 | M8: 45777 | N8: =_xlfn.MAXIFS(Biometria!B:B,Biometria!B:B,"<="&M8,Biometria!C:C,B8,Biometria!D:D,C8,Biometria!E:E,D8,Biometria!F:F,E8,Biometria!G:G,F8) -> 45776 | O8: 5.2 | P8: 17.66 | Q8: 14.91 | R8: 84.43 | S8: 0.75 | T8: 12.4886 | U8: 0.63 | V8: 12.63 | W8: 6.3 | X8: 126.05
A9: =N9&B9&C9&D9&E9&F9 -> 45776495B1R23 | B9: 49 | C9: 5 | D9: B1 | E9: R2 | F9: 3 | G9: 13.7 | H9: 5 | I9: 22.69 | J9: 130 | K9: 2949.7 | L9: 1028662 | M9: 45777 | N9: =_xlfn.MAXIFS(Biometria!B:B,Biometria!B:B,"<="&M9,Biometria!C:C,B9,Biometria!D:D,C9,Biometria!E:E,D9,Biometria!F:F,E9,Biometria!G:G,F9) -> 45776 | O9: 5.3 | P9: 17.99 | Q9: 15.29 | R9: 84.99 | S9: 0.73 | T9: 12.6442 | U9: 0.6 | V9: 13.36 | W9: 7.33 | X9: 127.27
A10: =N10&B10&C10&D10&E10&F10 -> 45776495B1R33 | B10: 49 | C10: 5 | D10: B1 | E10: R3 | F10: 3 | G10: 13.7 | H10: 5 | I10: 22.69 | J10: 130 | K10: 2949.7 | L10: 1028663 | M10: 45777 | N10: =_xlfn.MAXIFS(Biometria!B:B,Biometria!B:B,"<="&M10,Biometria!C:C,B10,Biometria!D:D,C10,Biometria!E:E,D10,Biometria!F:F,E10,Biometria!G:G,F10) -> 45776 | O10: 5.3 | P10: 18.41 | Q10: 15.61 | R10: 84.79 | S10: 0.73 | T10: 13.1388 | U10: 0.61 | V10: 12.35 | W10: 11.43 | X10: 132.13
A11: =N11&B11&C11&D11&E11&F11 -> 45776498B1R14 | B11: 49 | C11: 8 | D11: B1 | E11: R1 | F11: 4 | G11: 13.7 | H11: 5 | I11: 22.69 | J11: 130 | K11: 2949.7 | L11: 1028664 | M11: 45777 | N11: =_xlfn.MAXIFS(Biometria!B:B,Biometria!B:B,"<="&M11,Biometria!C:C,B11,Biometria!D:D,C11,Biometria!E:E,D11,Biometria!F:F,E11,Biometria!G:G,F11) -> 45776 | O11: 5.2 | P11: 18.45 | Q11: 15.48 | R11: 83.9 | S11: 0.76 | T11: 13.0543 | U11: 0.64 | V11: 12.24 | W11: 10.97 | X11: 131.59
A12: =N12&B12&C12&D12&E12&F12 -> 45776498B1R24 | B12: 49 | C12: 8 | D12: B1 | E12: R2 | F12: 4 | G12: 13.7 | H12: 5 | I12: 22.69 | J12: 130 | K12: 2949.7 | L12: 1028665 | M12: 45777 | N12: =_xlfn.MAXIFS(Biometria!B:B,Biometria!B:B,"<="&M12,Biometria!C:C,B12,Biometria!D:D,C12,Biometria!E:E,D12,Biometria!F:F,E12,Biometria!G:G,F12) -> 45776 | O12: 5.2 | P12: 18.69 | Q12: 16.18 | R12: 86.57 | S12: 0.67 | T12: 13.576 | U12: 0.56 | V12: 12.53 | W12: 14.59 | X12: 135.88
A13: =N13&B13&C13&D13&E13&F13 -> 45776498B1R34 | B13: 49 | C13: 8 | D13: B1 | E13: R3 | F13: 4 | G13: 13.7 | H13: 5 | I13: 22.69 | J13: 130 | K13: 2949.7 | L13: 1028666 | M13: 45777 | N13: =_xlfn.MAXIFS(Biometria!B:B,Biometria!B:B,"<="&M13,Biometria!C:C,B13,Biometria!D:D,C13,Biometria!E:E,D13,Biometria!F:F,E13,Biometria!G:G,F13) -> 45776 | O13: 5.3 | P13: 17.94 | Q13: 15.08 | R13: 84.06 | S13: 0.76 | T13: 12.6927 | U13: 0.64 | V13: 12.35 | W13: 8.04 | X13: 128.11
... A193: =N193&B193&C193&D193&E193&F193 -> 457761466B4R364 | B193: 146 | C193: 6 | D193: B4 | E193: R3 | F193: 64 | G193: 15.4 | H193: 6 | I193: 15.75 | J193: 137.62 | K193: 2167.515 | L193: 1028846 | M193: 45779 | N193: =_xlfn.MAXIFS(Biometria!B:B,Biometria!B:B,"<="&M193,Biometria!C:C,B193,Biometria!D:D,C193,Biometria!E:E,D193,Biometria!F:F,E193,Biometria!G:G,F193) -> 45776 | O193: 5.1 | P193: 20.45 | Q193: 17.3 | R193: 84.6 | S193: 0.74 | T193: 13.887 | U193: 0.59 | V193: 15.04 | W193: 17.35 | X193: 139.15

Sheet A.T D52
A1: ID | B1: Fazenda | C1: Trat | D1: Bloco | E1: Rep | F1: Parcela | G1: Idade | H1: Mês Corte | I1: Área | J1: TCH | K1: TC | L1: Amostra | M1: Dt.Análise | O1: PH | P1: Brix | Q1: Pol | R1: Pureza | S1: AR | T1: PC | U1: Ar_Atr | V1: Fibra | W1: Agio | X1: ATR
A2: =N2&B2&C2&D2&E2&F2 -> 45789496B1R11 | B2: 49 | C2: 6 | D2: B1 | E2: R1 | F2: 1 | G2: 14.2 | H2: 5 | I2: 22.69 | J2: 130 | K2: 2949.7 | L2: 1029431 | M2: 45791 | N2: =_xlfn.MAXIFS(Biometria!B:B,Biometria!B:B,"<="&M2,Biometria!C:C,B2,Biometria!D:D,C2,Biometria!E:E,D2,Biometria!F:F,E2,Biometria!G:G,F2) -> 45789 | O2: 5.2 | P2: 19.21 | Q2: 16.51 | R2: 85.94 | S2: 0.69 | T2: 13.9399 | U2: 0.58 | V2: 12.17 | W2: 17.7 | X2: 139.57
A3: =N3&B3&C3&D3&E3&F3 -> 45789496B1R21 | B3: 49 | C3: 6 | D3: B1 | E3: R2 | F3: 1 | G3: 14.2 | H3: 5 | I3: 22.69 | J3: 130 | K3: 2949.7 | L3: 1029432 | M3: 45791 | N3: =_xlfn.MAXIFS(Biometria!B:B,Biometria!B:B,"<="&M3,Biometria!C:C,B3,Biometria!D:D,C3,Biometria!E:E,D3,Biometria!F:F,E3,Biometria!G:G,F3) -> 45789 | O3: 5.2 | P3: 18.26 | Q3: 15.06 | R3: 82.48 | S3: 0.81 | T3: 12.9217 | U3: 0.69 | V3: 11.24 | W3: 10.28 | X3: 130.77
A4: =N4&B4&C4&D4&E4&F4 -> 45789496B1R31 | B4: 49 | C4: 6 | D4: B1 | E4: R3 | F4: 1 | G4: 14.2 | H4: 5 | I4: 22.69 | J4: 130 | K4: 2949.7 | L4: 1029433 | M4: 45791 | N4: =_xlfn.MAXIFS(Biometria!B:B,Biometria!B:B,"<="&M4,Biometria!C:C,B4,Biometria!D:D,C4,Biometria!E:E,D4,Biometria!F:F,E4,Biometria!G:G,F4) -> 45789 | O4: 5.2 | P4: 19.54 | Q4: 16.79 | R4: 85.93 | S4: 0.69 | T4: 14.105 | U4: 0.58 | V4: 12.46 | W4: 19.04 | X4: 141.16
A5: =N5&B5&C5&D5&E5&F5 -> 45789497B1R12 | B5: 49 | C5: 7 | D5: B1 | E5: R1 | F5: 2 | G5: 14.2 | H5: 5 | I5: 22.69 | J5: 130 | K5: 2949.7 | L5: 1029434 | M5: 45791 | N5: =_xlfn.MAXIFS(Biometria!B:B,Biometria!B:B,"<="&M5,Biometria!C:C,B5,Biometria!D:D,C5,Biometria!E:E,D5,Biometria!F:F,E5,Biometria!G:G,F5) -> 45789 | O5: 5.2 | P5: 18.49 | Q5: 15.43 | R5: 83.45 | S5: 0.78 | T5: 13.1096 | U5: 0.66 | V5: 11.81 | W5: 11.58 | X5: 132.31
A6: =N6&B6&C6&D6&E6&F6 -> 45789497B1R22 | B6: 49 | C6: 7 | D6: B1 | E6: R2 | F6: 2 | G6: 14.2 | H6: 5 | I6: 22.69 | J6: 130 | K6: 2949.7 | L6: 1029435 | M6: 45791 | N6: =_xlfn.MAXIFS(Biometria!B:B,Biometria!B:B,"<="&M6,Biometria!C:C,B6,Biometria!D:D,C6,Biometria!E:E,D6,Biometria!F:F,E6,Biometria!G:G,F6) -> 45789 | O6: 5.2 | P6: 18.8 | Q6: 15.99 | R6: 85.05 | S6: 0.72 | T6: 13.4985 | U6: 0.61 | V6: 12.18 | W6: 14.34 | X6: 135.59
A7: =N7&B7&C7&D7&E7&F7 -> 45789497B1R32 | B7: 49 | C7: 7 | D7: B1 | E7: R3 | F7: 2 | G7: 14.2 | H7: 5 | I7: 22.69 | J7: 130 | K7: 2949.7 | L7: 1029436 | M7: 45791 | N7: =_xlfn.MAXIFS(Biometria!B:B,Biometria!B:B,"<="&M7,Biometria!C:C,B7,Biometria!D:D,C7,Biometria!E:E,D7,Biometria!F:F,E7,Biometria!G:G,F7) -> 45789 | O7: 5.2 | P7: 18.64 | Q7: 15.88 | R7: 85.19 | S7: 0.72 | T7: 13.4406 | U7: 0.61 | V7: 12.03 | W7: 13.88 | X7: 135.04
A8: =N8&B8&C8&D8&E8&F8 -> 45789495B1R13 | B8: 49 | C8: 5 | D8: B1 | E8: R1 | F8: 3 | G8: 14.2 | H8: 5 | I8: 22.69 | J8: 130 | K8: 2949.7 | L8: 1029437 | M8: 45791 | N8: =_xlfn.MAXIFS(Biometria!B:B,Biometria!B:B,"<="&M8,Biometria!C:C,B8,Biometria!D:D,C8,Biometria!E:E,D8,Biometria!F:F,E8,Biometria!G:G,F8) -> 45789 | O8: 5.3 | P8: 19.79 | Q8: 15.55 | R8: 78.58 | S8: 0.95 | T8: 13.159 | U8: 0.8 | V8: 12.04 | W8: 13.05 | X8: 134.06
A9: =N9&B9&C9&D9&E9&F9 -> 45789495B1R23 | B9: 49 | C9: 5 | D9: B1 | E9: R2 | F9: 3 | G9: 14.2 | H9: 5 | I9: 22.69 | J9: 130 | K9: 2949.7 | L9: 1029438 | M9: 45791 | N9: =_xlfn.MAXIFS(Biometria!B:B,Biometria!B:B,"<="&M9,Biometria!C:C,B9,Biometria!D:D,C9,Biometria!E:E,D9,Biometria!F:F,E9,Biometria!G:G,F9) -> 45789 | O9: 5.2 | P9: 17.91 | Q9: 15.02 | R9: 83.86 | S9: 0.76 | T9: 12.629 | U9: 0.64 | V9: 12.41 | W9: 7.51 | X9: 127.49
A10: =N10&B10&C10&D10&E10&F10 -> 45789495B1R33 | B10: 49 | C10: 5 | D10: B1 | E10: R3 | F10: 3 | G10: 14.2 | H10: 5 | I10: 22.69 | J10: 130 | K10: 2949.7 | L10: 1029439 | M10: 45791 | N10: =_xlfn.MAXIFS(Biometria!B:B,Biometria!B:B,"<="&M10,Biometria!C:C,B10,Biometria!D:D,C10,Biometria!E:E,D10,Biometria!F:F,E10,Biometria!G:G,F10) -> 45789 | O10: 5.2 | P10: 18.17 | Q10: 15.14 | R10: 83.32 | S10: 0.78 | T10: 12.8565 | U10: 0.66 | V10: 11.84 | W10: 9.52 | X10: 129.87
A11: =N11&B11&C11&D11&E11&F11 -> 45789498B1R14 | B11: 49 | C11: 8 | D11: B1 | E11: R1 | F11: 4 | G11: 14.2 | H11: 5 | I11: 22.69 | J11: 130 | K11: 2949.7 | L11: 1029440 | M11: 45791 | N11: =_xlfn.MAXIFS(Biometria!B:B,Biometria!B:B,"<="&M11,Biometria!C:C,B11,Biometria!D:D,C11,Biometria!E:E,D11,Biometria!F:F,E11,Biometria!G:G,F11) -> 45789 | O11: 5.2 | P11: 19.56 | Q11: 16.84 | R11: 86.09 | S11: 0.69 | T11: 14.3894 | U11: 0.59 | V11: 11.48 | W11: 21.43 | X11: 143.99
A12: =N12&B12&C12&D12&E12&F12 -> 45789498B1R24 | B12: 49 | C12: 8 | D12: B1 | E12: R2 | F12: 4 | G12: 14.2 | H12: 5 | I12: 22.69 | J12: 130 | K12: 2949.7 | L12: 1029441 | M12: 45791 | N12: =_xlfn.MAXIFS(Biometria!B:B,Biometria!B:B,"<="&M12,Biometria!C:C,B12,Biometria!D:D,C12,Biometria!E:E,D12,Biometria!F:F,E12,Biometria!G:G,F12) -> 45789 | O12: 5.3 | P12: 19.41 | Q12: 16.84 | R12: 86.76 | S12: 0.67 | T12: 14.4043 | U12: 0.57 | V12: 11.42 | W12: 21.39 | X12: 143.95
A13: =N13&B13&C13&D13&E13&F13 -> 45789498B1R34 | B13: 49 | C13: 8 | D13: B1 | E13: R3 | F13: 4 | G13: 14.2 | H13: 5 | I13: 22.69 | J13: 130 | K13: 2949.7 | L13: 1029442 | M13: 45791 | N13: =_xlfn.MAXIFS(Biometria!B:B,Biometria!B:B,"<="&M13,Biometria!C:C,B13,Biometria!D:D,C13,Biometria!E:E,D13,Biometria!F:F,E13,Biometria!G:G,F13) -> 45789 | O13: 5.2 | P13: 20.16 | Q13: 17.49 | R13: 86.76 | S13: 0.67 | T13: 14.7468 | U13: 0.56 | V13: 12.25 | W13: 24.1 | X13: 147.16
... A193: =N193&B193&C193&D193&E193&F193 -> 457891466B4R364 | B193: 146 | C193: 6 | D193: B4 | E193: R3 | F193: 64 | G193: 15.8 | H193: 6 | I193: 15.75 | J193: 137.62 | K193: 2167.515 | L193: 1029430 | M193: 45791 | N193: =_xlfn.MAXIFS(Biometria!B:B,Biometria!B:B,"<="&M193,Biometria!C:C,B193,Biometria!D:D,C193,Biometria!E:E,D193,Biometria!F:F,E193,Biometria!G:G,F193) -> 45789 | O193: 5.2 | P193: 20.29 | Q193: 18.12 | R193: 89.31 | S193: 0.58 | T193: 14.6597 | U193: 0.47 | V193: 14.6 | W193: 22.7 | X193: 145.5

Sheet A.T D67
A1: ID | B1: Fazenda | C1: Trat | D1: Bloco | E1: Rep | F1: Parcela | G1: Idade | H1: Mês Corte | I1: Área | J1: TCH | K1: TC | L1: Amostra | M1: Dt.Análise | O1: PH | P1: Brix | Q1: Pol | R1: Pureza | S1: AR | T1: PC | U1: Ar_Atr | V1: Fibra | W1: Agio | X1: ATR
A2: =N2&B2&C2&D2&E2&F2 -> 45803496B1R11 | B2: 49 | C2: 6 | D2: B1 | E2: R1 | F2: 1 | G2: 14.7 | H2: 5 | I2: 22.69 | J2: 130 | K2: 2949.7 | L2: 1029680 | M2: 45806 | N2: =_xlfn.MAXIFS(Biometria!B:B,Biometria!B:B,"<="&M2,Biometria!C:C,B2,Biometria!D:D,C2,Biometria!E:E,D2,Biometria!F:F,E2,Biometria!G:G,F2) -> 45803 | O2: 5.2 | P2: 18.48 | Q2: 15.56 | R2: 84.2 | S2: 0.75 | T2: 13.2109 | U2: 0.64 | V2: 11.85 | W2: 12.24 | X2: 133.1
A3: =N3&B3&C3&D3&E3&F3 -> 45803496B1R21 | B3: 49 | C3: 6 | D3: B1 | E3: R2 | F3: 1 | G3: 14.7 | H3: 5 | I3: 22.69 | J3: 130 | K3: 2949.7 | L3: 1029681 | M3: 45806 | N3: =_xlfn.MAXIFS(Biometria!B:B,Biometria!B:B,"<="&M3,Biometria!C:C,B3,Biometria!D:D,C3,Biometria!E:E,D3,Biometria!F:F,E3,Biometria!G:G,F3) -> 45803 | O3: 5.2 | P3: 19.38 | Q3: 16.27 | R3: 83.95 | S3: 0.76 | T3: 13.8616 | U3: 0.65 | V3: 11.65 | W3: 17.61 | X3: 139.46
A4: =N4&B4&C4&D4&E4&F4 -> 45803496B1R31 | B4: 49 | C4: 6 | D4: B1 | E4: R3 | F4: 1 | G4: 14.7 | H4: 5 | I4: 22.69 | J4: 130 | K4: 2949.7 | L4: 1029682 | M4: 45806 | N4: =_xlfn.MAXIFS(Biometria!B:B,Biometria!B:B,"<="&M4,Biometria!C:C,B4,Biometria!D:D,C4,Biometria!E:E,D4,Biometria!F:F,E4,Biometria!G:G,F4) -> 45803 | O4: 5.2 | P4: 18.77 | Q4: 15.36 | R4: 81.83 | S4: 0.83 | T4: 12.9824 | U4: 0.7 | V4: 12.11 | W4: 10.85 | X4: 131.45
A5: =N5&B5&C5&D5&E5&F5 -> 45803497B1R12 | B5: 49 | C5: 7 | D5: B1 | E5: R1 | F5: 2 | G5: 14.7 | H5: 5 | I5: 22.69 | J5: 130 | K5: 2949.7 | L5: 1029683 | M5: 45806 | N5: =_xlfn.MAXIFS(Biometria!B:B,Biometria!B:B,"<="&M5,Biometria!C:C,B5,Biometria!D:D,C5,Biometria!E:E,D5,Biometria!F:F,E5,Biometria!G:G,F5) -> 45803 | O5: 5.2 | P5: 18.94 | Q5: 16.05 | R5: 84.74 | S5: 0.73 | T5: 13.4528 | U5: 0.61 | V5: 12.59 | W5: 13.97 | X5: 135.15
A6: =N6&B6&C6&D6&E6&F6 -> 45803497B1R22 | B6: 49 | C6: 7 | D6: B1 | E6: R2 | F6: 2 | G6: 14.7 | H6: 5 | I6: 22.69 | J6: 130 | K6: 2949.7 | L6: 1029684 | M6: 45806 | N6: =_xlfn.MAXIFS(Biometria!B:B,Biometria!B:B,"<="&M6,Biometria!C:C,B6,Biometria!D:D,C6,Biometria!E:E,D6,Biometria!F:F,E6,Biometria!G:G,F6) -> 45803 | O6: 5.2 | P6: 18.95 | Q6: 15.75 | R6: 83.11 | S6: 0.79 | T6: 13.4533 | U6: 0.67 | V6: 11.5 | W6: 14.45 | X6: 135.71
A7: =N7&B7&C7&D7&E7&F7 -> 45803497B1R32 | B7: 49 | C7: 7 | D7: B1 | E7: R3 | F7: 2 | G7: 14.7 | H7: 5 | I7: 22.69 | J7: 130 | K7: 2949.7 | L7: 1029685 | M7: 45806 | N7: =_xlfn.MAXIFS(Biometria!B:B,Biometria!B:B,"<="&M7,Biometria!C:C,B7,Biometria!D:D,C7,Biometria!E:E,D7,Biometria!F:F,E7,Biometria!G:G,F7) -> 45803 | O7: 5.2 | P7: 18.61 | Q7: 14.86 | R7: 79.85 | S7: 0.9 | T7: 12.4532 | U7: 0.75 | V7: 12.6 | W7: 6.94 | X7: 126.81
A8: =N8&B8&C8&D8&E8&F8 -> 45803495B1R13 | B8: 49 | C8: 5 | D8: B1 | E8: R1 | F8: 3 | G8: 14.7 | H8: 5 | I8: 22.69 | J8: 130 | K8: 2949.7 | L8: 1029686 | M8: 45806 | N8: =_xlfn.MAXIFS(Biometria!B:B,Biometria!B:B,"<="&M8,Biometria!C:C,B8,Biometria!D:D,C8,Biometria!E:E,D8,Biometria!F:F,E8,Biometria!G:G,F8) -> 45803 | O8: 5.2 | P8: 19.54 | Q8: 16.37 | R8: 83.78 | S8: 0.77 | T8: 13.554 | U8: 0.64 | V8: 13.29 | W8: 15.03 | X8: 136.4
A9: =N9&B9&C9&D9&E9&F9 -> 45803495B1R23 | B9: 49 | C9: 5 | D9: B1 | E9: R2 | F9: 3 | G9: 14.7 | H9: 5 | I9: 22.69 | J9: 130 | K9: 2949.7 | L9: 1029687 | M9: 45806 | N9: =_xlfn.MAXIFS(Biometria!B:B,Biometria!B:B,"<="&M9,Biometria!C:C,B9,Biometria!D:D,C9,Biometria!E:E,D9,Biometria!F:F,E9,Biometria!G:G,F9) -> 45803 | O9: 5.2 | P9: 18.59 | Q9: 14.77 | R9: 79.45 | S9: 0.92 | T9: 12.5054 | U9: 0.78 | V9: 12.01 | W9: 7.59 | X9: 127.58
A10: =N10&B10&C10&D10&E10&F10 -> 45803495B1R33 | B10: 49 | C10: 5 | D10: B1 | E10: R3 | F10: 3 | G10: 14.7 | H10: 5 | I10: 22.69 | J10: 130 | K10: 2949.7 | L10: 1029688 | M10: 45806 | N10: =_xlfn.MAXIFS(Biometria!B:B,Biometria!B:B,"<="&M10,Biometria!C:C,B10,Biometria!D:D,C10,Biometria!E:E,D10,Biometria!F:F,E10,Biometria!G:G,F10) -> 45803 | O10: 5.2 | P10: 20.03 | Q10: 17.13 | R10: 85.52 | S10: 0.71 | T10: 14.0491 | U10: 0.58 | V10: 13.83 | W10: 18.59 | X10: 140.62
A11: =N11&B11&C11&D11&E11&F11 -> 45803498B1R14 | B11: 49 | C11: 8 | D11: B1 | E11: R1 | F11: 4 | G11: 14.7 | H11: 5 | I11: 22.69 | J11: 130 | K11: 2949.7 | L11: 1029689 | M11: 45806 | N11: =_xlfn.MAXIFS(Biometria!B:B,Biometria!B:B,"<="&M11,Biometria!C:C,B11,Biometria!D:D,C11,Biometria!E:E,D11,Biometria!F:F,E11,Biometria!G:G,F11) -> 45803 | O11: 5.2 | P11: 18.73 | Q11: 14.94 | R11: 79.77 | S11: 0.9 | T11: 12.7482 | U11: 0.77 | V11: 11.56 | W11: 9.49 | X11: 129.83
A12: =N12&B12&C12&D12&E12&F12 -> 45803498B1R24 | B12: 49 | C12: 8 | D12: B1 | E12: R2 | F12: 4 | G12: 14.7 | H12: 5 | I12: 22.69 | J12: 130 | K12: 2949.7 | L12: 1029690 | M12: 45806 | N12: =_xlfn.MAXIFS(Biometria!B:B,Biometria!B:B,"<="&M12,Biometria!C:C,B12,Biometria!D:D,C12,Biometria!E:E,D12,Biometria!F:F,E12,Biometria!G:G,F12) -> 45803 | O12: 5.2 | P12: 19.41 | Q12: 16.12 | R12: 83.05 | S12: 0.79 | T12: 13.6958 | U12: 0.67 | V12: 11.81 | W12: 16.41 | X12: 138.04
A13: =N13&B13&C13&D13&E13&F13 -> 45803498B1R34 | B13: 49 | C13: 8 | D13: B1 | E13: R3 | F13: 4 | G13: 14.7 | H13: 5 | I13: 22.69 | J13: 130 | K13: 2949.7 | L13: 1029691 | M13: 45806 | N13: =_xlfn.MAXIFS(Biometria!B:B,Biometria!B:B,"<="&M13,Biometria!C:C,B13,Biometria!D:D,C13,Biometria!E:E,D13,Biometria!F:F,E13,Biometria!G:G,F13) -> 45803 | O13: 5.2 | P13: 19.26 | Q13: 15.87 | R13: 82.4 | S13: 0.81 | T13: 13.3228 | U13: 0.68 | V13: 12.5 | W13: 13.46 | X13: 134.54
... A193: =N193&B193&C193&D193&E193&F193 -> 458031466B4R364 | B193: 146 | C193: 6 | D193: B4 | E193: R3 | F193: 64 | G193: 16.3 | H193: 6 | I193: 15.75 | J193: 137.62 | K193: 2167.515 | L193: 1029871 | M193: 45806 | N193: =_xlfn.MAXIFS(Biometria!B:B,Biometria!B:B,"<="&M193,Biometria!C:C,B193,Biometria!D:D,C193,Biometria!E:E,D193,Biometria!F:F,E193,Biometria!G:G,F193) -> 45803 | O193: 5.2 | P193: 20.19 | Q193: 17.69 | R193: 87.62 | S193: 0.64 | T193: 14.5007 | U193: 0.52 | V193: 13.86 | W193: 21.79 | X193: 144.42

Sheet Dinamica TCH
L2: Faz 49 | O2: Faz 146
A3: Rótulos de Linha | B3: Média de TCH | C3: Média de TCH2 | D3: Média de TCH3 | E3: Média de TCH4 | F3: Média de TCH5 | G3: Média de TCH6 | L3: Trat | M3: TCH | O3: Trat | P3: TCH
A4: 49 | B4: 144.19093 | C4: 145.97427 | D4: 144.80978 | E4: 148.32266 | F4: 147.37307 | G4: 149.2858 | L4: T1 | M4: 169.05607 | O4: T1 | P4: 160.008
A5: 146 | B5: 115.67308 | C5: 119.85209 | D5: 117.95775 | E5: 116.01592 | F5: 130.31551 | G5: 125.83741 | L5: T1 | M5: 151.43614 | O5: T1 | P5: 146.674
A6: T1 | B6: 119.69333 | C6: 130.48691 | D6: 98.814464 | E6: 91.333555 | F6: 130.89053 | G6: 136.43539 | L6: T1 | M6: 169.98833 | O6: T1 | P6: 97.623929
A7: 1 | B7: 160.008 | C7: 146.674 | D7: 97.623929 | E7: 120.006 | F7: 153.81721 | G7: 135.24486 | L7: T1 | M7: 149.53129 | O7: T1 | P7: 120.006
A8: 2 | B8: 62.860286 | C8: 136.6735 | D8: 110.95793 | E8: 79.369048 | F8: 134.76864 | G8: 142.38807 | L8: T1 | M8: 151.13018 | O8: T1 | P8: 153.81721
A9: 3 | B9: 95.242857 | C9: 115.24386 | D9: 114.29143 | E9: 70.0035 | F9: 86.397408 | G9: 136.19729 | L9: T1 | M9: 135.24486 | O9: T1 | P9: 135.24486
A10: 4 | B10: 160.66219 | C10: 123.3563 | D10: 72.384571 | E10: 95.955671 | F10: 148.57886 | G10: 131.91136 | L10: T1 | M10: 154.67671 | O10: T1 | P10: 62.860286
A11: T2 | B11: 115.58451 | C11: 107.43114 | D11: 135.56839 | E11: 130.42651 | F11: 128.33975 | G11: 130.55126 | L11: T1 | M11: 154.29343 | O11: T1 | P11: 136.6735
A12: 1 | B12: 137.14971 | C12: 76.034791 | D12: 127.62543 | E12: 164.77014 | F12: 125.24436 | G12: 101.90986 | L12: T1 | M12: 105.24336 | O12: T1 | P12: 110.95793
A13: 2 | B13: 119.52979 | C13: 135.72107 | D13: 128.75142 | E13: 126.673 | F13: 140.48321 | G13: 139.53079 | L13: T1 | M13: 181.43764 | O13: T1 | P13: 79.369048
A14: 3 | B14: 113.08957 | C14: 123.31911 | D14: 156.52221 | E14: 160.25939 | F14: 140.007 | G14: 140.75739 | L14: T1 | M14: 91.015404 | O14: T1 | P14: 134.76864
A15: 4 | B15: 92.568966 | C15: 94.649573 | D15: 129.3745 | E15: 70.0035 | F15: 107.62443 | G15: 140.007 | L15: T1 | M15: 167.52258 | O15: T1 | P15: 142.38807
A16: T3 | B16: 122.32098 | C16: 116.39363 | D16: 114.15702 | E16: 120.6077 | F16: 141.29536 | G16: 125.50168 | L16: T1 | M16: 152.86403 | O16: T1 | P16: 95.242857
A17: 1 | B17: 130.0065 | C17: 88.575857 | D17: 93.814214 | E17: 169.39397 | F17: 144.77999 | G17: 107.62443 | L17: T1 | M17: 161.91286 | O17: T1 | P17: 115.24386
A18: 2 | B18: 145.24536 | C18: 128.57786 | D18: 128.57786 | E18: 118.10114 | F18: 137.32979 | G18: 151.98922 | L18: T1 | M18: 143.43464 | O18: T1 | P18: 114.29143
A19: 3 | B19: 94.737962 | C19: 119.84294 | D19: 114.29143 | E19: 88.279217 | F19: 140.48321 | G19: 123.81571 | L19: T1 | M19: 163.49197 | O19: T1 | P19: 70.0035
A20: 4 | B20: 119.29408 | C20: 128.57786 | D20: 119.94459 | E20: 106.65649 | F20: 142.58844 | G20: 118.57736 | L20: T1 | M20: 127.62543 | O20: T1 | P20: 86.397408
A21: T4 | B21: 86.551946 | C21: 102.26702 | D21: 106.68403 | E21: 99.258452 | F21: 130.84334 | G21: 129.19711 | L21: T1 | M21: 164.77014 | O21: T1 | P21: 136.19729
A22: 1 | B22: 48.573857 | C22: 106.672 | D22: 100.0531 | E22: 81.908857 | F22: 134.76864 | G22: 130.0761 | L22: T1 | M22: 135.24486 | O22: T1 | P22: 160.66219
A23: 2 | B23: 130.95893 | C23: 66.67 | D23: 143.81671 | E23: 55.240857 | F23: 131.43514 | G23: 149.53129 | L23: T1 | M23: 136.19729 | O23: T1 | P23: 123.3563
A24: 3 | B24: 85.242357 | C24: 151.91236 | D24: 85.718571 | E24: 134.81772 | F24: 130.97279 | G24: 118.12748 | L24: T1 | M24: 134.76864 | O24: T1 | P24: 72.384571
A25: 4 | B25: 81.432643 | C25: 83.813714 | D25: 97.147714 | E25: 125.06638 | F25: 126.19679 | G25: 119.05357 | L25: T1 | M25: 127.62543 | O25: T1 | P25: 95.955671
A26: T5 | B26: 120.76203 | C26: 125.13817 | D26: 130.36452 | E26: 136.2958 | F26: 133.34 | G26: 105.1243 | L26: T1 | M26: 123.3563 | O26: T1 | P26: 148.57886
A27: 1 | B27: 128.26824 | C27: 153.06393 | D27: 146.90165 | E27: 153.341 | F27: 153.81721 | G27: 122.38707 | L27: T1 | M27: 124.29193 | O27: T1 | P27: 131.91136
A28: 2 | B28: 123.81571 | C28: 123.81571 | D28: 143.32463 | E28: 133.75154 | F28: 111.91036 | G28: 40.954429 | L28: T2 | M28: 160.008 | O28: T2 | P28: 137.14971
A29: 3 | B29: 122.87402 | C29: 128.9064 | D29: 108.57686 | E29: 137.62593 | F29: 118.10114 | G29: 119.05357 | L29: T2 | M29: 152.38857 | O29: T2 | P29: 76.034791
A30: 4 | B30: 108.09014 | C30: 94.766643 | D30: 122.65496 | E30: 120.46473 | F30: 149.53129 | G30: 138.10214 | L30: T2 | M30: 170.96093 | O30: T2 | P30: 127.62543
A31: T6 | B31: 132.39233 | C31: 137.53849 | D31: 134.87758 | E31: 112.71876 | F31: 130.27457 | G31: 125.96121 | L31: T2 | M31: 91.909357 | O31: T2 | P31: 164.77014
A32: 1 | B32: 134.87595 | C32: 169.18253 | D32: 162.11046 | E32: 95.619201 | F32: 87.623429 | G32: 140.34266 | L32: T2 | M32: 160.48421 | O32: T2 | P32: 125.24436
A33: 2 | B33: 132.59058 | C33: 119.52979 | D33: 138.10214 | E33: 122.38707 | F33: 179.70618 | G33: 103.81471 | L33: T2 | M33: 184.77114 | O33: T2 | P33: 101.90986
A34: 3 | B34: 142.09678 | C34: 133.34 | D34: 123.24899 | E34: 141.91186 | F34: 131.8578 | G34: 140.54811 | L34: T2 | M34: 174.29443 | O34: T2 | P34: 119.52979
A35: 4 | B35: 120.006 | C35: 128.10164 | D35: 116.04874 | E35: 90.956929 | F35: 121.91086 | G35: 119.13936 | L35: T2 | M35: 168.57986 | O35: T2 | P35: 135.72107
A36: T7 | B36: 109.36412 | C36: 113.10089 | D36: 111.14164 | E36: 117.75363 | F36: 130.74191 | G36: 122.16681 | L36: T2 | M36: 157.79309 | O36: T2 | P36: 128.75142
A37: 1 | B37: 103.81471 | C37: 116.19629 | D37: 87.395131 | E37: 128.10164 | F37: 149.21107 | G37: 111.91036 | L37: T2 | M37: 163.81771 | O37: T2 | P37: 126.673
A38: 2 | B38: 125.28332 | C38: 105.24336 | D38: 118.10114 | E38: 115.72007 | F38: 123.765 | G38: 139.60215 | L38: T2 | M38: 168.57986 | O38: T2 | P38: 140.48321
A39: 3 | B39: 77.399507 | C39: 116.19629 | D39: 140.97013 | E39: 116.71108 | F39: 131.43514 | G39: 112.38657 | L39: T2 | M39: 164.77014 | O39: T2 | P39: 139.53079
A40: 4 | B40: 130.95893 | C40: 114.76764 | D40: 98.100143 | E40: 110.48171 | F40: 118.55644 | G40: 124.76814 | L40: T2 | M40: 130.00016 | O40: T2 | P40: 113.08957
A41: T8 | B41: 118.71536 | C41: 126.46043 | D41: 112.05437 | E41: 119.73293 | F41: 116.79859 | G41: 131.76152 | L41: T2 | M41: 193.71781 | O41: T2 | P41: 123.31911
A42: 1 | B42: 93.814214 | C42: 116.19629 | D42: 150.13619 | E42: 134.76864 | F42: 110.48171 | G42: 143.3405 | L42: T2 | M42: 191.95122 | O42: T2 | P42: 156.52221
A43: 2 | B43: 126.203 | C43: 126.82577 | D43: 76.194286 | E43: 117.57358 | F43: 112.86279 | G43: 123.30304 | L43: T2 | M43: 166.54407 | O43: T2 | P43: 160.25939
A44: 3 | B44: 124.76814 | C44: 140.90882 | D44: 92.35671 | E44: 107.62443 | F44: 129.08221 | G44: 144.20625 | L44: T2 | M44: 151.43614 | O44: T2 | P44: 140.007
A45: 4 | B45: 130.0761 | C45: 121.91086 | D45: 129.53029 | E45: 118.96506 | F45: 114.76764 | G45: 116.19629 | L45: T2 | M45: 140.27699 | O45: T2 | P45: 140.75739
A46: Total Geral | B46: 129.932 | C46: 132.91318 | D46: 131.38376 | E46: 132.16929 | F46: 138.84429 | G46: 137.56161 | L46: T2 | M46: 126.13793 | O46: T2 | P46: 92.568966
L47: T2 | M47: 149.21795 | O47: T2 | P47: 94.649573
L48: T2 | M48: 156.14164 | O48: T2 | P48: 129.3745
L49: T2 | M49: 138.10214 | O49: T2 | P49: 70.0035
L50: T2 | M50: 145.24536 | O50: T2 | P50: 107.62443
L51: T2 | M51: 152.38857 | O51: T2 | P51: 140.007
L52: T3 | M52: 190.48571 | O52: T3 | P52: 130.0065
L53: T3 | M53: 113.81521 | O53: T3 | P53: 88.575857
L54: T3 | M54: 163.81771 | O54: T3 | P54: 93.814214
L55: T3 | M55: 166.02534 | O55: T3 | P55: 169.39397
L56: T3 | M56: 139.43975 | O56: T3 | P56: 144.77999
L57: T3 | M57: 144.29293 | O57: T3 | P57: 107.62443
L58: T3 | M58: 135.72107 | O58: T3 | P58: 145.24536
... L195: T8 | M195: 132.38757 | O195: T8 | P195: 116.19629
L199: Faz 49 | S199: Faz 146
L200: Análise de Variância para Efeitos de Tratamentos | S200: Análise de Variância para Efeitos de Tratamentos
L202: ================================================================================ | S202: ================================================================================
L203: Causas de Variação GL SQ QM F P | S203: Causas de Variação GL SQ QM F P
L204: -------------------------------------------------------------------------------- | S204: --------------------------------------------------------------------------------
L205: Tratamentos 7 3439,6478995 491,37827135 1,36NS 0,2278 | S205: Tratamentos 7 6312,0155729 901,71651042 1,63NS 0,1307
L206: Blocos 23 28575,997199 1242,4346608 3,43** < 0,0001 | S206: Blocos 23 12269,874173 533,47279013 0,96NS 0,5149
L207: Resíduo 161 58371,372188 362,55510676 - | S207: Resíduo 161 89128,463702 553,59294225 -
L208: -------------------------------------------------------------------------------- | S208: --------------------------------------------------------------------------------
L209: Total 191 90387,017287 - - | S209: Total 191 107710,35345 - -
L210: ================================================================================ | S210: ================================================================================
L212: Média Geral............: 146,65974 | S212: Média Geral............: 120,94198
... L234: =================================== | S234: ====================================

Sheet TCH
A1: ID | B1: Data | C1: Faz | D1: Trat | E1: Bloco | F1: Rep | G1: Parcela | H1: Peso 1 | I1: Distância 1 | J1: TCH1 | K1: Peso 2 | L1: Distância 2 | M1: TCH2 | N1: Peso 3 | O1: Distância 3 | P1: TCH3 | Q1: Peso 4 | R1: Distância 4 | S1: TCH4 | T1: Peso 5 | U1: Distância 5 | V1: TCH5 | W1: Peso 6 | X1: Distância 6 | Y1: TCH6
A2: =B2&C2&D2&E2&F2&G2 -> 45815496B1R11 | B2: 45815 | C2: 49 | D2: 6 | E2: B1 | F2: R1 | G2: 1 | H2: 1920 | I2: 67.87 | J2: =H2/I2*6.667 -> 188.60527 | K2: 1600 | L2: 68.82 | M2: =K2/L2*6.667 -> 155.00145 | N2: 1720 | O2: 68.57 | P2: =N2/O2*6.667 -> 167.23407 | Q2: 1650 | R2: 70 | S2: =Q2/R2*6.667 -> 157.15071 | T2: 1700 | U2: 70 | V2: =T2/U2*6.667 -> 161.91286 | W2: 1840 | X2: 70 | Y2: =W2/X2*6.667 -> 175.24686
A3: =B3&C3&D3&E3&F3&G3 -> 45815497B1R12 | B3: 45815 | C3: 49 | D3: 7 | E3: B1 | F3: R1 | G3: 2 | H3: 1400 | I3: 69.45 | J3: =H3/I3*6.667 -> 134.39597 | K3: 1580 | L3: 55.17 | M3: =K3/L3*6.667 -> 190.93457 | N3: 1505 | O3: 60.25 | P3: =N3/O3*6.667 -> 166.53668 | Q3: 1715 | R3: 68.33 | S3: =Q3/R3*6.667 -> 167.3336 | T3: 1585 | U3: 70 | V3: =T3/U3*6.667 -> 150.95993 | W3: 1840 | X3: 69.12 | Y3: =W3/X3*6.667 -> 177.47801
A4: =B4&C4&D4&E4&F4&G4 -> 45815495B1R13 | B4: 45815 | C4: 49 | D4: 5 | E4: B1 | F4: R1 | G4: 3 | H4: 1825 | I4: 70 | J4: =H4/I4*6.667 -> 173.81821 | K4: 1445 | L4: 70 | M4: =K4/L4*6.667 -> 137.62593 | N4: 1625 | O4: 69.3 | P4: =N4/O4*6.667 -> 156.33297 | Q4: 1890 | R4: 70 | S4: =Q4/R4*6.667 -> 180.009 | T4: 1960 | U4: 70 | V4: =T4/U4*6.667 -> 186.676 | W4: 1800 | X4: 69.45 | Y4: =W4/X4*6.667 -> 172.79482
A5: =B5&C5&D5&E5&F5&G5 -> 45815498B1R14 | B5: 45815 | C5: 49 | D5: 8 | E5: B1 | F5: R1 | G5: 4 | H5: 1815 | I5: 70 | J5: =H5/I5*6.667 -> 172.86579 | K5: 1425 | L5: 70 | M5: =K5/L5*6.667 -> 135.72107 | N5: 1670 | O5: 68.94 | P5: =N5/O5*6.667 -> 161.50116 | Q5: 1785 | R5: 70 | S5: =Q5/R5*6.667 -> 170.0085 | T5: 1720 | U5: 70 | V5: =T5/U5*6.667 -> 163.81771 | W5: 1655 | X5: 70 | Y5: =W5/X5*6.667 -> 157.62693
A6: =B6&C6&D6&E6&F6&G6 -> 45815491B1R15 | B6: 45815 | C6: 49 | D6: 1 | E6: B1 | F6: R1 | G6: 5 | H6: 1775 | I6: 70 | J6: =H6/I6*6.667 -> 169.05607 | K6: 1590 | L6: 70 | M6: =K6/L6*6.667 -> 151.43614 | N6: 1770 | O6: 69.42 | P6: =N6/O6*6.667 -> 169.98833 | Q6: 1570 | R6: 70 | S6: =Q6/R6*6.667 -> 149.53129 | T6: 1575 | U6: 69.48 | V6: =T6/U6*6.667 -> 151.13018 | W6: 1420 | X6: 70 | Y6: =W6/X6*6.667 -> 135.24486
A7: =B7&C7&D7&E7&F7&G7 -> 45815494B1R16 | B7: 45815 | C7: 49 | D7: 4 | E7: B1 | F7: R1 | G7: 6 | H7: 1405 | I7: 70 | J7: =H7/I7*6.667 -> 133.81621 | K7: 1500 | L7: 69.27 | M7: =K7/L7*6.667 -> 144.36986 | N7: 1625 | O7: 70 | P7: =N7/O7*6.667 -> 154.76964 | Q7: 1770 | R7: 70 | S7: =Q7/R7*6.667 -> 168.57986 | T7: 1600 | U7: 70 | V7: =T7/U7*6.667 -> 152.38857 | W7: 1800 | X7: 70 | Y7: =W7/X7*6.667 -> 171.43714
A8: =B8&C8&D8&E8&F8&G8 -> 45815492B1R17 | B8: 45815 | C8: 49 | D8: 2 | E8: B1 | F8: R1 | G8: 7 | H8: 1680 | I8: 70 | J8: =H8/I8*6.667 -> 160.008 | K8: 1600 | L8: 70 | M8: =K8/L8*6.667 -> 152.38857 | N8: 1795 | O8: 70 | P8: =N8/O8*6.667 -> 170.96093 | Q8: 965 | R8: 70 | S8: =Q8/R8*6.667 -> 91.909357 | T8: 1685 | U8: 70 | V8: =T8/U8*6.667 -> 160.48421 | W8: 1940 | X8: 70 | Y8: =W8/X8*6.667 -> 184.77114
A9: =B9&C9&D9&E9&F9&G9 -> 45815493B1R18 | B9: 45815 | C9: 49 | D9: 3 | E9: B1 | F9: R1 | G9: 8 | H9: 2000 | I9: 70 | J9: =H9/I9*6.667 -> 190.48571 | K9: 1195 | L9: 70 | M9: =K9/L9*6.667 -> 113.81521 | N9: 1720 | O9: 70 | P9: =N9/O9*6.667 -> 163.81771 | Q9: 1725 | R9: 69.27 | S9: =Q9/R9*6.667 -> 166.02534 | T9: 1175 | U9: 56.18 | V9: =T9/U9*6.667 -> 139.43975 | W9: 1515 | X9: 70 | Y9: =W9/X9*6.667 -> 144.29293
A10: =B10&C10&D10&E10&F10&G10 -> 45815491B3R29 | B10: 45815 | C10: 49 | D10: 1 | E10: B3 | F10: R2 | G10: 9 | H10: 1605 | I10: 69.18 | J10: =H10/I10*6.667 -> 154.67671 | K10: 1620 | L10: 70 | M10: =K10/L10*6.667 -> 154.29343 | N10: 1105 | O10: 70 | P10: =N10/O10*6.667 -> 105.24336 | Q10: 1905 | R10: 70 | S10: =Q10/R10*6.667 -> 181.43764 | T10: 935 | U10: 68.49 | V10: =T10/U10*6.667 -> 91.015404 | W10: 1680 | X10: 66.86 | Y10: =W10/X10*6.667 -> 167.52258
A11: =B11&C11&D11&E11&F11&G11 -> 45815498B3R210 | B11: 45815 | C11: 49 | D11: 8 | E11: B3 | F11: R2 | G11: 10 | H11: 1490 | I11: 68.94 | J11: =H11/I11*6.667 -> 144.09385 | K11: 1340 | L11: 69.39 | M11: =K11/L11*6.667 -> 128.74737 | N11: 1610 | O11: 70 | P11: =N11/O11*6.667 -> 153.341 | Q11: 1770 | R11: 69.18 | S11: =Q11/R11*6.667 -> 170.57806 | T11: 1765 | U11: 70 | V11: =T11/U11*6.667 -> 168.10364 | W11: 1650 | X11: 69.48 | Y11: =W11/X11*6.667 -> 158.32686
A12: =B12&C12&D12&E12&F12&G12 -> 45815493B3R211 | B12: 45815 | C12: 49 | D12: 3 | E12: B3 | F12: R2 | G12: 11 | H12: 1425 | I12: 70 | J12: =H12/I12*6.667 -> 135.72107 | K12: 1560 | L12: 70 | M12: =K12/L12*6.667 -> 148.57886 | N12: 965 | O12: 70 | P12: =N12/O12*6.667 -> 91.909357 | Q12: 1585 | R12: 70 | S12: =Q12/R12*6.667 -> 150.95993 | T12: 1425 | U12: 69.18 | V12: =T12/U12*6.667 -> 137.32979 | W12: 1570 | X12: 68.21 | Y12: =W12/X12*6.667 -> 153.45536
A13: =B13&C13&D13&E13&F13&G13 -> 45815496B3R212 | B13: 45815 | C13: 49 | D13: 6 | E13: B3 | F13: R2 | G13: 12 | H13: 1075 | I13: 70 | J13: =H13/I13*6.667 -> 102.38607 | K13: 1675 | L13: 70 | M13: =K13/L13*6.667 -> 159.53179 | N13: 1570 | O13: 69.31 | P13: =N13/O13*6.667 -> 151.01991 | Q13: 1565 | R13: 68.04 | S13: =Q13/R13*6.667 -> 153.34884 | T13: 1520 | U13: 70 | V13: =T13/U13*6.667 -> 144.76914 | W13: 1515 | X13: 70 | Y13: =W13/X13*6.667 -> 144.29293
... A65: =B65&C65&D65&E65&F65&G65 -> 458221466B4R464 | B65: 45822 | C65: 146 | D65: 6 | E65: B4 | F65: R4 | G65: 64 | H65: 1260 | I65: 70 | J65: =H65/I65*6.667 -> 120.006 | K65: 1345 | L65: 70 | M65: =K65/L65*6.667 -> 128.10164 | N65: 1200 | O65: 68.94 | P65: =N65/O65*6.667 -> 116.04874 | Q65: 955 | R65: 70 | S65: =Q65/R65*6.667 -> 90.956929 | T65: 1280 | U65: 70 | V65: =T65/U65*6.667 -> 121.91086 | W65: 1240 | X65: 69.39 | Y65: =W65/X65*6.667 -> 119.13936

Sheet Final
A3: Rótulos de Linha | B3: Média de TCH | C3: Média de TCH2 | D3: Média de TCH3 | E3: Média de TCH4 | F3: Média de TCH5 | G3: Média de TCH6 | H3: Média Geral
A4: T1 | B4: 152.96042 | C4: 150.95993 | D4: 138.35874 | E4: 155.52158 | F4: 123.28183 | G4: 147.95738 | H4: =AVERAGE(B4:G4) -> 144.83998
A5: T2 | B5: 147.61013 | C5: 165.97605 | D5: 169.21172 | E5: 140.09332 | F5: 156.43639 | G5: 160.55171 | H5: =AVERAGE(B5:G5) -> 156.64655
A6: T3 | B6: 156.56939 | C6: 139.86637 | D6: 138.2593 | E6: 149.07605 | F6: 141.9019 | G6: 144.79773 | H6: =AVERAGE(B6:G6) -> 145.07846
A7: T4 | B7: 138.10575 | C7: 148.12325 | D7: 150.48371 | E7: 148.38834 | F7: 154.32497 | G7: 142.14996 | H7: =AVERAGE(B7:G7) -> 146.92933
A8: T5 | B8: 150.72182 | C8: 137.26877 | D8: 133.96894 | E8: 151.41991 | F8: 153.47752 | G8: 145.3443 | H8: =AVERAGE(B8:G8) -> 145.36688
A9: T6 | B9: 128.81987 | C9: 142.85074 | D9: 146.22747 | E9: 144.9625 | F9: 144.76914 | G9: 147.38832 | H9: =AVERAGE(B9:G9) -> 142.50301
A10: T7 | B10: 131.98694 | C10: 141.66691 | D10: 131.44563 | E10: 148.74351 | F10: 149.60736 | G10: 154.40572 | H10: =AVERAGE(B10:G10) -> 142.97601
A11: T8 | B11: 146.75314 | C11: 141.08218 | D11: 150.52269 | E11: 148.37604 | F11: 155.18548 | G11: 151.69128 | H11: =AVERAGE(B11:G11) -> 148.93513
A12: Total Geral | B12: 144.19093 | C12: 145.97427 | D12: 144.80978 | E12: 148.32266 | F12: 147.37307 | G12: 149.2858 | H12: =AVERAGE(B12:G12) -> 146.65942
A14: T1 | B14: 1 | C14: 152.96042 | D14: 150.95993 | E14: 138.35874 | F14: 155.52158 | G14: 123.28183 | H14: 147.95738 | I14: =AVERAGE(C14:H14) -> 144.83998 | J14: 6 | K14: 141.98875 | L14: 6 | M14: =K14*I14/1000 -> 20.565648 | N14: 6
A15: T2 | B15: 2 | C15: 147.61013 | D15: 165.97605 | E15: 169.21172 | F15: 140.09332 | G15: 156.43639 | H15: 160.55171 | I15: =AVERAGE(C15:H15) -> 156.64655 | J15: 1 | K15: 143.28333 | L15: 4 | M15: =K15*I15/1000 -> 22.44484 | N15: 1
A16: T3 | B16: 3 | C16: 156.56939 | D16: 139.86637 | E16: 138.2593 | F16: 149.07605 | G16: 141.9019 | H16: 144.79773 | I16: =AVERAGE(C16:H16) -> 145.07846 | J16: 5 | K16: 140.25833 | L16: 8 | M16: =K16*I16/1000 -> 20.348463 | N16: 8
A17: T4 | B17: 4 | C17: 138.10575 | D17: 148.12325 | E17: 150.48371 | F17: 148.38834 | G17: 154.32497 | H17: 142.14996 | I17: =AVERAGE(C17:H17) -> 146.92933 | J17: 3 | K17: 141.69542 | L17: 7 | M17: =K17*I17/1000 -> 20.819213 | N17: 4
A18: T5 | B18: 5 | C18: 150.72182 | D18: 137.26877 | E18: 133.96894 | F18: 151.41991 | G18: 153.47752 | H18: 145.3443 | I18: =AVERAGE(C18:H18) -> 145.36688 | J18: 4 | K18: 142.66917 | L18: 5 | M18: =K18*I18/1000 -> 20.739371 | N18: 5
A19: T6 | B19: 6 | C19: 128.81987 | D19: 142.85074 | E19: 146.22747 | F19: 144.9625 | G19: 144.76914 | H19: 147.38832 | I19: =AVERAGE(C19:H19) -> 142.50301 | J19: 8 | K19: 143.9275 | L19: 3 | M19: =K19*I19/1000 -> 20.510102 | N19: 7
A20: T7 | B20: 7 | C20: 131.98694 | D20: 141.66691 | E20: 131.44563 | F20: 148.74351 | G20: 149.60736 | H20: 154.40572 | I20: =AVERAGE(C20:H20) -> 142.97601 | J20: 7 | K20: 145.7975 | L20: 1 | M20: =K20*I20/1000 -> 20.845545 | N20: 3
A21: T8 | B21: 8 | C21: 146.75314 | D21: 141.08218 | E21: 150.52269 | F21: 148.37604 | G21: 155.18548 | H21: 151.69128 | I21: =AVERAGE(C21:H21) -> 148.93513 | J21: 2 | K21: 144.0125 | L21: 2 | M21: =K21*I21/1000 -> 21.448521 | N21: 2
A22: Rótulos de Linha | C22: Média de TCH | D22: Média de TCH2 | E22: Média de TCH3 | F22: Média de TCH4 | G22: Média de TCH5 | H22: Média de TCH6 | I22: Média Geral | J22: Ranking TCH | K22: ATR | L22: Ranking ATR | M22: TAH | N22: Ranking TAH
A26: Rótulos de Linha | B26: Média TCH | C26: Ranking TCH | D26: ATR | E26: Ranking ATR | F26: TAH | G26: Ranking TAH
A27: T2 | B27: 156.64655 | C27: 1 | D27: 143.28333 | E27: 4 | F27: 22.44484 | G27: 1
A28: T8 | B28: 148.93513 | C28: 2 | D28: 144.0125 | E28: 2 | F28: 21.448521 | G28: 2
A29: T7 | B29: 142.97601 | C29: 7 | D29: 145.7975 | E29: 1 | F29: 20.845545 | G29: 3
A30: T4 | B30: 146.92933 | C30: 3 | D30: 141.69542 | E30: 7 | F30: 20.819213 | G30: 4
A31: T5 | B31: 145.36688 | C31: 4 | D31: 142.66917 | E31: 5 | F31: 20.739371 | G31: 5
A32: T1 | B32: 144.83998 | C32: 6 | D32: 141.98875 | E32: 6 | F32: 20.565648 | G32: 6
A33: T6 | B33: 142.50301 | C33: 8 | D33: 143.9275 | E33: 3 | F33: 20.510102 | G33: 7
A34: T3 | B34: 145.07846 | C34: 5 | D34: 140.25833 | E34: 8 | F34: 20.348463 | G34: 8

Sheet Plan3
A3: Rótulos de Linha | B3: Média de TCH | C3: Média de TCH2 | D3: Média de TCH3 | E3: Média de TCH4 | F3: Média de TCH5 | G3: Média de TCH6 | H3: Média TCH | I3: Rótulos de Linha | J3: Média de ATR | K3: TAH
A4: T1 | B4: 136.32688 | C4: 140.72342 | D4: 118.5866 | E4: 123.42757 | F4: 127.08618 | G4: 142.19639 | I4: 1 | J4: 141.98875
A5: 49 | B5: 152.96042 | C5: 150.95993 | D5: 138.35874 | E5: 155.52158 | F5: 123.28183 | G5: 147.95738 | H5: =AVERAGE(B5:G5) -> 144.83998 | I5: 49 | J5: 138.3025 | K5: =H5*GETPIVOTDATA("ATR",$I$3,"Fazenda",49,"Trat",1)/1000 -> 20.031731
A6: 146 | B6: 119.69333 | C6: 130.48691 | D6: 98.814464 | E6: 91.333555 | F6: 130.89053 | G6: 136.43539 | H6: =AVERAGE(B6:G6) -> 117.94237 | I6: 146 | J6: 145.675 | K6: =H6*GETPIVOTDATA("ATR",$I$3,"Fazenda",49,"Trat",1)/1000 -> 16.311724
A7: T2 | B7: 131.59732 | C7: 136.70359 | D7: 152.39005 | E7: 135.25991 | F7: 142.38807 | G7: 145.55148 | H7: =AVERAGE(B7:G7) -> 140.64841 | I7: 2 | J7: 143.28333 | K7: =H7*GETPIVOTDATA("ATR",$I$3,"Fazenda",49,"Trat",1)/1000 -> 19.452026
A8: 49 | B8: 147.61013 | C8: 165.97605 | D8: 169.21172 | E8: 140.09332 | F8: 156.43639 | G8: 160.55171 | H8: =AVERAGE(B8:G8) -> 156.64655 | I8: 49 | J8: 140.91 | K8: =H8*GETPIVOTDATA("ATR",$I$3,"Fazenda",49,"Trat",1)/1000 -> 21.66461
A9: 146 | B9: 115.58451 | C9: 107.43114 | D9: 135.56839 | E9: 130.42651 | F9: 128.33975 | G9: 130.55126 | H9: =AVERAGE(B9:G9) -> 124.65026 | I9: 146 | J9: 145.65667 | K9: =H9*GETPIVOTDATA("ATR",$I$3,"Fazenda",49,"Trat",1)/1000 -> 17.239442
A10: T3 | B10: 139.44518 | C10: 128.13 | D10: 126.20816 | E10: 134.84187 | F10: 141.59863 | G10: 135.14971 | H10: =AVERAGE(B10:G10) -> 134.22893 | I10: 3 | J10: 140.25833 | K10: =H10*GETPIVOTDATA("ATR",$I$3,"Fazenda",49,"Trat",1)/1000 -> 18.564196
A11: 49 | B11: 156.56939 | C11: 139.86637 | D11: 138.2593 | E11: 149.07605 | F11: 141.9019 | G11: 144.79773 | H11: =AVERAGE(B11:G11) -> 145.07846 | I11: 49 | J11: 135.72417 | K11: =H11*GETPIVOTDATA("ATR",$I$3,"Fazenda",49,"Trat",1)/1000 -> 20.064713
A12: 146 | B12: 122.32098 | C12: 116.39363 | D12: 114.15702 | E12: 120.6077 | F12: 141.29536 | G12: 125.50168 | H12: =AVERAGE(B12:G12) -> 123.37939 | I12: 146 | J12: 144.7925 | K12: =H12*GETPIVOTDATA("ATR",$I$3,"Fazenda",49,"Trat",1)/1000 -> 17.063679
A13: T4 | B13: 112.32885 | C13: 125.19513 | D13: 128.58387 | E13: 123.8234 | F13: 142.58416 | G13: 135.67354 | H13: =AVERAGE(B13:G13) -> 128.03149 | I13: 4 | J13: 141.69542 | K13: =H13*GETPIVOTDATA("ATR",$I$3,"Fazenda",49,"Trat",1)/1000 -> 17.707075
A14: 49 | B14: 138.10575 | C14: 148.12325 | D14: 150.48371 | E14: 148.38834 | F14: 154.32497 | G14: 142.14996 | H14: =AVERAGE(B14:G14) -> 146.92933 | I14: 49 | J14: 138.02167 | K14: =H14*GETPIVOTDATA("ATR",$I$3,"Fazenda",49,"Trat",1)/1000 -> 20.320694
A15: 146 | B15: 86.551946 | C15: 102.26702 | D15: 106.68403 | E15: 99.258452 | F15: 130.84334 | G15: 129.19711 | H15: =AVERAGE(B15:G15) -> 109.13365 | I15: 146 | J15: 145.36917 | K15: =H15*GETPIVOTDATA("ATR",$I$3,"Fazenda",49,"Trat",1)/1000 -> 15.093456
A16: T5 | B16: 135.74193 | C16: 131.20347 | D16: 132.16673 | E16: 143.85786 | F16: 143.40876 | G16: 125.2343 | H16: =AVERAGE(B16:G16) -> 135.26884 | I16: 5 | J16: 142.66917 | K16: =H16*GETPIVOTDATA("ATR",$I$3,"Fazenda",49,"Trat",1)/1000 -> 18.708019
A17: 49 | B17: 150.72182 | C17: 137.26877 | D17: 133.96894 | E17: 151.41991 | F17: 153.47752 | G17: 145.3443 | H17: =AVERAGE(B17:G17) -> 145.36688 | I17: 49 | J17: 138.77667 | K17: =H17*GETPIVOTDATA("ATR",$I$3,"Fazenda",49,"Trat",1)/1000 -> 20.104602
A18: 146 | B18: 120.76203 | C18: 125.13817 | D18: 130.36452 | E18: 136.2958 | F18: 133.34 | G18: 105.1243 | H18: =AVERAGE(B18:G18) -> 125.17081 | I18: 146 | J18: 146.56167 | K18: =H18*GETPIVOTDATA("ATR",$I$3,"Fazenda",49,"Trat",1)/1000 -> 17.311435
A19: T6 | B19: 130.6061 | C19: 140.19461 | D19: 140.55253 | E19: 128.84063 | F19: 137.52186 | G19: 136.67477 | H19: =AVERAGE(B19:G19) -> 135.73175 | I19: 6 | J19: 143.9275 | K19: =H19*GETPIVOTDATA("ATR",$I$3,"Fazenda",49,"Trat",1)/1000 -> 18.77204
A20: 49 | B20: 128.81987 | C20: 142.85074 | D20: 146.22747 | E20: 144.9625 | F20: 144.76914 | G20: 147.38832 | H20: =AVERAGE(B20:G20) -> 142.50301 | I20: 49 | J20: 140.84417 | K20: =H20*GETPIVOTDATA("ATR",$I$3,"Fazenda",49,"Trat",1)/1000 -> 19.708522
A21: 146 | B21: 132.39233 | C21: 137.53849 | D21: 134.87758 | E21: 112.71876 | F21: 130.27457 | G21: 125.96121 | H21: =AVERAGE(B21:G21) -> 128.96049 | I21: 146 | J21: 147.01083 | K21: =H21*GETPIVOTDATA("ATR",$I$3,"Fazenda",49,"Trat",1)/1000 -> 17.835558
A22: T7 | B22: 120.67553 | C22: 127.3839 | D22: 121.29363 | E22: 133.24857 | F22: 140.17464 | G22: 138.28626 | H22: =AVERAGE(B22:G22) -> 130.17709 | I22: 7 | J22: 145.7975 | K22: =H22*GETPIVOTDATA("ATR",$I$3,"Fazenda",49,"Trat",1)/1000 -> 18.003817
A23: 49 | B23: 131.98694 | C23: 141.66691 | D23: 131.44563 | E23: 148.74351 | F23: 149.60736 | G23: 154.40572 | H23: =AVERAGE(B23:G23) -> 142.97601 | I23: 49 | J23: 141.31583 | K23: =H23*GETPIVOTDATA("ATR",$I$3,"Fazenda",49,"Trat",1)/1000 -> 19.77394
A24: 146 | B24: 109.36412 | C24: 113.10089 | D24: 111.14164 | E24: 117.75363 | F24: 130.74191 | G24: 122.16681 | H24: =AVERAGE(B24:G24) -> 117.37817 | I24: 146 | J24: 150.27917 | K24: =H24*GETPIVOTDATA("ATR",$I$3,"Fazenda",49,"Trat",1)/1000 -> 16.233694
A25: T8 | B25: 132.73425 | C25: 133.77131 | D25: 131.28853 | E25: 134.05448 | F25: 135.99203 | G25: 141.7264 | H25: =AVERAGE(B25:G25) -> 134.92783 | I25: 8 | J25: 144.0125 | K25: =H25*GETPIVOTDATA("ATR",$I$3,"Fazenda",49,"Trat",1)/1000 -> 18.660857
A26: 49 | B26: 146.75314 | C26: 141.08218 | D26: 150.52269 | E26: 148.37604 | F26: 155.18548 | G26: 151.69128 | H26: =AVERAGE(B26:G26) -> 148.93513 | I26: 49 | J26: 139.7175 | K26: =H26*GETPIVOTDATA("ATR",$I$3,"Fazenda",49,"Trat",1)/1000 -> 20.598101
A27: 146 | B27: 118.71536 | C27: 126.46043 | D27: 112.05437 | E27: 119.73293 | F27: 116.79859 | G27: 131.76152 | H27: =AVERAGE(B27:G27) -> 120.92053 | I27: 146 | J27: 148.3075 | K27: =H27*GETPIVOTDATA("ATR",$I$3,"Fazenda",49,"Trat",1)/1000 -> 16.723612
A28: Total Geral | B28: 129.932 | C28: 132.91318 | D28: 131.38376 | E28: 132.16929 | F28: 138.84429 | G28: 137.56161 | H28: =AVERAGE(B28:G28) -> 133.80069 | I28: Total Geral | J28: 142.95406 | K28: =H28*GETPIVOTDATA("ATR",$I$3,"Fazenda",49,"Trat",1)/1000 -> 18.50497
A31: Rótulos de Linha | B31: Média TCH | C31: Média de ATR | D31: TAH
A32: T1 | B32: =AVERAGE(B33:B34) -> 131.39117 | C32: 141.98875 | D32: =AVERAGE(D33:D34) -> 18.171728
A33: 49 | B33: 144.83998 | C33: 138.3025 | D33: 20.031731
A34: 146 | B34: 117.94237 | C34: 145.675 | D34: 16.311724
A35: T2 | B35: 140.64841 | C35: 143.28333 | D35: 19.452026
A36: 49 | B36: 156.64655 | C36: 140.91 | D36: 21.66461
A37: 146 | B37: 124.65026 | C37: 145.65667 | D37: 17.239442
A38: T3 | B38: 134.22893 | C38: 140.25833 | D38: 18.564196
A39: 49 | B39: 145.07846 | C39: 135.72417 | D39: 20.064713
A40: 146 | B40: 123.37939 | C40: 144.7925 | D40: 17.063679
A41: T4 | B41: 128.03149 | C41: 141.69542 | D41: 17.707075
A42: 49 | B42: 146.92933 | C42: 138.02167 | D42: 20.320694
A43: 146 | B43: 109.13365 | C43: 145.36917 | D43: 15.093456
A44: T5 | B44: 135.26884 | C44: 142.66917 | D44: 18.708019
A45: 49 | B45: 145.36688 | C45: 138.77667 | D45: 20.104602
A46: 146 | B46: 125.17081 | C46: 146.56167 | D46: 17.311435
A47: T6 | B47: 135.73175 | C47: 143.9275 | D47: 18.77204
A48: 49 | B48: 142.50301 | C48: 140.84417 | D48: 19.708522
A49: 146 | B49: 128.96049 | C49: 147.01083 | D49: 17.835558
A50: T7 | B50: 130.17709 | C50: 145.7975 | D50: 18.003817
A51: 49 | B51: 142.97601 | C51: 141.31583 | D51: 19.77394
A52: 146 | B52: 117.37817 | C52: 150.27917 | D52: 16.233694
A53: T8 | B53: 134.92783 | C53: 144.0125 | D53: 18.660857
A54: 49 | B54: 148.93513 | C54: 139.7175 | D54: 20.598101
A55: 146 | B55: 120.92053 | C55: 148.3075 | D55: 16.723612
